-- phpMyAdmin SQL Dump
-- version 5.0.4
-- https://www.phpmyadmin.net/
--
-- Hôte : localhost
-- Généré le : mer. 19 jan. 2022 à 08:19
-- Version du serveur :  10.5.12-MariaDB-0+deb11u1
-- Version de PHP : 7.1.33-44+0~20211119.61+debian10~1.gbp448fbe

SET SQL_MODE = "NO_AUTO_VALUE_ON_ZERO";
START TRANSACTION;
SET time_zone = "+00:00";


/*!40101 SET @OLD_CHARACTER_SET_CLIENT=@@CHARACTER_SET_CLIENT */;
/*!40101 SET @OLD_CHARACTER_SET_RESULTS=@@CHARACTER_SET_RESULTS */;
/*!40101 SET @OLD_COLLATION_CONNECTION=@@COLLATION_CONNECTION */;
/*!40101 SET NAMES utf8mb4 */;

--
-- Base de données : `testCar`
--

-- --------------------------------------------------------

--
-- Structure de la table `cars`
--

CREATE TABLE `cars` (
  `id` int(11) NOT NULL,
  `name` varchar(255) COLLATE utf8mb4_unicode_ci NOT NULL,
  `type` varchar(255) COLLATE utf8mb4_unicode_ci NOT NULL,
  `mark` varchar(255) COLLATE utf8mb4_unicode_ci NOT NULL,
  `about` varchar(255) COLLATE utf8mb4_unicode_ci NOT NULL,
  `image` varchar(255) COLLATE utf8mb4_unicode_ci NOT NULL
) ENGINE=InnoDB DEFAULT CHARSET=utf8mb4 COLLATE=utf8mb4_unicode_ci;

--
-- Déchargement des données de la table `cars`
--

INSERT INTO `cars` (`id`, `name`, `type`, `mark`, `about`, `image`) VALUES
(473, 'Guinea-Bissau', 'Citadine', 'BMW', 'Velit qui iusto soluta ea iure. Consequatur ut et sed quasi perspiciatis pariatur est. Laborum sequi id maxime nihil voluptatum inventore. Facilis at eligendi quia omnis magni.', '/voiture/image1.jpg'),
(474, 'American Samoa', '4x4', 'BMW', 'Ut facilis illo illo corrupti dicta id. Omnis mollitia est nesciunt. Reprehenderit recusandae ipsa ut at eligendi ad. Ut omnis sed quam maxime dolor dolores.', '/voiture/image2.jpg'),
(475, 'Switzerland', '4x4', 'BMW', 'Sit illum eum et ipsam corrupti. Nihil aut culpa sit et et qui voluptatem. Aut nostrum eos et aperiam similique.', '/voiture/image4.jpg'),
(476, 'Pitcairn Islands', 'Tout terrain', 'Citroen', 'Ea ex laborum sapiente praesentium delectus voluptatem iste. Iusto tempore explicabo dolores dolore. Sint cupiditate aperiam et blanditiis non asperiores.', '/voiture/image3.jpg'),
(477, 'Benin', 'Tout terrain', 'Citroen', 'Et totam libero sunt velit. Eligendi sed quibusdam reiciendis temporibus optio laborum. Itaque voluptatibus sint cumque sed ipsum. Rerum omnis ea ea placeat similique quia praesentium quis.', '/voiture/image1.jpg'),
(478, 'United States Minor Outlying Islands', 'Tout terrain', 'Audi', 'Exercitationem id enim sit dolores enim et est porro. Debitis qui qui dolore rerum dolores dolor.', '/voiture/image6.jpg'),
(479, 'Mexico', '4x4', 'Citroen', 'Neque ipsam voluptates asperiores vitae maiores sunt veniam perspiciatis. Repellendus placeat quo et odit tenetur fugit est. Aut qui tenetur distinctio non dolorem.', '/voiture/image2.jpg'),
(480, 'Martinique', 'Citadine', 'BMW', 'Velit quibusdam perspiciatis repellendus. Nihil ipsa soluta enim id exercitationem autem.', '/voiture/image4.jpg'),
(481, 'French Polynesia', 'Tout terrain', 'Audi', 'Beatae odio beatae deleniti dolore. Consequatur blanditiis voluptates voluptatem culpa illum vero est. Inventore eaque quis doloremque ut culpa sunt.', '/voiture/image2.jpg'),
(482, 'Tokelau', 'Tout terrain', 'BMW', 'Consectetur enim soluta est atque ea esse maiores. Occaecati corporis aliquam animi aut eveniet beatae optio occaecati. Nulla iste ad animi nam maiores. Labore quis odio aut nobis.', '/voiture/image6.jpg'),
(483, 'Colombia', '4x4', 'Peugeot', 'Quis consequatur a libero aperiam libero error. Distinctio saepe et eius pariatur aspernatur. Aut non cum culpa. Mollitia dignissimos velit numquam autem optio qui quod autem.', '/voiture/image6.jpg'),
(484, 'Switzerland', 'Tout terrain', 'Citroen', 'Nihil unde ipsam dolor quia. Voluptas unde animi et non nisi distinctio aut. Quia voluptatem id odit amet rerum dolor sit porro. Amet ut doloremque dolor aut repellendus.', '/voiture/image1.jpg'),
(485, 'American Samoa', '4x4', 'Mercedes', 'Nihil iusto consequatur odit est quia est. Perspiciatis vel quidem qui eveniet recusandae qui. Ex sunt voluptas dolores ullam. Eveniet suscipit et aut aliquid quam.', '/voiture/image1.jpg'),
(486, 'Venezuela', 'Citadine', 'Peugeot', 'Labore officia nulla veniam illo molestias. Ut animi ut laboriosam aut aperiam qui et. Quisquam consectetur rerum et nesciunt. Impedit veniam quas reiciendis aut deserunt velit ea eum.', '/voiture/image2.jpg'),
(487, 'Russian Federation', '4x4', 'Peugeot', 'Hic error rerum deleniti quia distinctio. Est porro sint et. Et nemo excepturi ducimus voluptas. Distinctio iste quia atque est vel aut dolore. Eos at adipisci nulla aliquam nobis molestiae qui hic.', '/voiture/image4.jpg'),
(488, 'Italy', '4x4', 'Mercedes', 'Reiciendis architecto eveniet eaque aut. Ut neque quasi consequuntur mollitia voluptatem. Non quaerat corrupti fugit. Ut iusto unde ut aut ad fuga. Voluptate sit blanditiis est explicabo qui nisi.', '/voiture/image1.jpg'),
(489, 'Macao', 'Citadine', 'BMW', 'Ratione tempora aperiam corrupti voluptatem. Cupiditate voluptatem est dolore sit consequatur. Sit voluptas distinctio qui corporis. Esse et et ea omnis atque exercitationem et.', '/voiture/image4.jpg'),
(490, 'Aruba', 'Citadine', 'Peugeot', 'Voluptatibus dolore neque sed vero velit et qui. Fuga qui et excepturi et dolor. Optio vero eveniet ut voluptas eum.', '/voiture/image1.jpg'),
(491, 'Taiwan', '4x4', 'Mercedes', 'Quasi eum ut facilis a repellendus. Consequatur nobis sequi ut accusantium. Voluptatum doloremque et consequatur veniam repellendus et.', '/voiture/image6.jpg'),
(492, 'American Samoa', 'Citadine', 'Citroen', 'Fugiat veniam dolorum dolor vel reiciendis eveniet nulla. Beatae et aliquid voluptatibus quibusdam aut animi. Voluptate aut sit earum fuga excepturi.', '/voiture/image1.jpg'),
(493, 'United States Virgin Islands', 'Citadine', 'BMW', 'Nulla nobis quibusdam tempora vero est et mollitia. Minima ad fugit eos voluptatem culpa. Consequatur eos sit officia voluptatem sit.', '/voiture/image6.jpg'),
(494, 'Belgium', 'Tout terrain', 'BMW', 'In et dolorem perspiciatis labore omnis voluptatem repudiandae tenetur. Tenetur ratione alias rerum ducimus deleniti.', '/voiture/image2.jpg'),
(495, 'Uruguay', '4x4', 'Mercedes', 'Rerum ut tempora ut id. Enim repellendus fugiat dolorem odio pariatur accusantium. Facilis omnis adipisci accusamus. Sit ratione consequatur sit quae aut at.', '/voiture/image5.jpg'),
(496, 'Kyrgyz Republic', 'Tout terrain', 'BMW', 'Accusantium quia aut ea itaque dignissimos. Qui est iusto quisquam nisi et. Rem quasi molestiae vitae consequuntur. Commodi commodi perferendis facere beatae sed.', '/voiture/image5.jpg'),
(497, 'Palau', 'Citadine', 'Audi', 'Qui eum itaque amet nesciunt atque quo natus. Sed assumenda pariatur esse laboriosam voluptas veniam. Sint perspiciatis et est quia sed.', '/voiture/image4.jpg'),
(498, 'Chile', '4x4', 'Mercedes', 'Corporis corrupti dolores totam dolor. Tempore dolores consequatur eum ad quia.', '/voiture/image5.jpg'),
(499, 'Equatorial Guinea', 'Tout terrain', 'Peugeot', 'Quia ut qui eos odit. Magnam ad quos a fugiat tempore sint ea. Et sit rem sit aut nihil in debitis itaque. Amet ipsam perspiciatis minus consectetur dolore et.', '/voiture/image2.jpg'),
(500, 'Myanmar', '4x4', 'Peugeot', 'Eum saepe itaque qui voluptatibus. Explicabo voluptatem est repudiandae debitis neque reiciendis vel ea. Aut est et voluptatem quisquam.', '/voiture/image1.jpg'),
(501, 'Bulgaria', 'Citadine', 'Audi', 'Dolores rem qui qui voluptatem amet molestiae. Consectetur cupiditate excepturi sit rerum. Doloremque magni et necessitatibus et. Eum aut corporis laboriosam omnis.', '/voiture/image4.jpg'),
(502, 'Samoa', 'Citadine', 'Mercedes', 'Atque eveniet excepturi autem rerum. Dolor quia laudantium omnis cumque. Quibusdam nam fugit ut quidem.', '/voiture/image1.jpg'),
(503, 'Iran', 'Tout terrain', 'BMW', 'Cumque rerum commodi totam aut occaecati qui vel. Quia ut iste explicabo laudantium et et fugit. Sit aut dolorum doloremque ea. Esse optio soluta et at qui vitae id.', '/voiture/image3.jpg'),
(504, 'Ecuador', '4x4', 'Peugeot', 'Expedita quis voluptates sit quam recusandae porro non nobis. Enim dolorum sapiente sed fuga qui fugiat. Et repellendus occaecati perferendis rerum aut. Magnam est ut magni.', '/voiture/image1.jpg'),
(505, 'United Kingdom', 'Tout terrain', 'Audi', 'Quos et quasi ut eos et. Quibusdam magnam aliquam ut est. Dolorem sit sapiente quo id et quia consequatur.', '/voiture/image2.jpg'),
(506, 'Ireland', '4x4', 'Citroen', 'Autem et corrupti qui quia est sint. Molestiae sint quia esse ex quia. Vel earum debitis sint quia ullam et nihil.', '/voiture/image5.jpg'),
(507, 'Luxembourg', 'Citadine', 'BMW', 'Impedit ab corporis et qui tempora rerum ipsam. Mollitia quidem molestiae eius optio ex.', '/voiture/image3.jpg'),
(508, 'Sri Lanka', 'Tout terrain', 'Citroen', 'Omnis debitis impedit provident eos accusamus molestias error ut. Eveniet a impedit quisquam voluptate eveniet et neque. Repellat deserunt maiores aut numquam iste laborum.', '/voiture/image4.jpg'),
(509, 'Indonesia', '4x4', 'Peugeot', 'Quo cumque nostrum a. Quod qui natus est error. Incidunt fugiat doloremque similique impedit.', '/voiture/image4.jpg'),
(510, 'Yemen', 'Citadine', 'Citroen', 'Similique quia modi tempora asperiores velit ipsum. Quia porro consequatur quaerat. Perspiciatis illo libero eos magnam enim culpa reiciendis. Est voluptates iure et qui placeat dolorem.', '/voiture/image5.jpg'),
(511, 'Fiji', 'Citadine', 'Peugeot', 'Aut tempore est occaecati impedit. Fuga nam ex atque ut esse. Ex nam nihil dicta id et. Perspiciatis dignissimos sunt laborum quam sequi.', '/voiture/image5.jpg'),
(512, 'Timor-Leste', 'Citadine', 'Audi', 'Ut autem possimus ut laboriosam eligendi aut perspiciatis sit. Sit quia nihil enim et ipsam commodi sit. Vel facilis voluptatibus id repudiandae vero vel. Commodi et velit ex minima nesciunt porro.', '/voiture/image6.jpg'),
(513, 'Saint Martin', 'Tout terrain', 'Citroen', 'Quis ut qui facere nihil in tenetur. Aut inventore consequuntur culpa. Et quia perspiciatis vero et officiis.', '/voiture/image3.jpg'),
(514, 'El Salvador', 'Tout terrain', 'Mercedes', 'Recusandae ut nobis et corporis. Ipsa culpa mollitia molestiae magnam repellendus. Rem error eligendi nisi sint voluptate facere. Harum qui quia doloremque vel officiis.', '/voiture/image3.jpg'),
(515, 'Antigua and Barbuda', 'Tout terrain', 'BMW', 'Deleniti ut beatae rerum quidem. Voluptatem et dolor soluta natus laborum. Corrupti ut vero ipsa mollitia sint esse placeat.', '/voiture/image2.jpg'),
(516, 'Nepal', '4x4', 'BMW', 'Numquam facere necessitatibus rerum sint et. Quas dolor cum fugiat harum. Sint sit laboriosam explicabo tenetur sunt quo.', '/voiture/image3.jpg'),
(517, 'Paraguay', '4x4', 'BMW', 'Voluptatem quos aperiam et. Voluptatem est nam quam reiciendis itaque delectus.', '/voiture/image5.jpg'),
(518, 'Reunion', 'Tout terrain', 'Citroen', 'In consequuntur perspiciatis sunt eum sit officiis. Eos ea tempore at earum. Perspiciatis aut dolores velit aperiam quis eaque quas quasi.', '/voiture/image2.jpg'),
(519, 'Kenya', '4x4', 'BMW', 'Mollitia qui ea occaecati quod dolore. Occaecati enim quo reiciendis esse ad rerum. Et neque voluptatibus vero iste.', '/voiture/image1.jpg'),
(520, 'Grenada', '4x4', 'Citroen', 'Esse porro velit illo hic maiores. Adipisci officia nihil ut id. Voluptate assumenda ut quo fugit excepturi et et. Similique perferendis accusantium distinctio illo tempore eos.', '/voiture/image2.jpg'),
(521, 'Belize', 'Citadine', 'Mercedes', 'Dolorem adipisci recusandae nihil dignissimos fugit ipsum ab. Ad provident consequatur delectus aut qui accusamus et. Similique enim eum eum magni sapiente unde magnam.', '/voiture/image4.jpg'),
(522, 'Syrian Arab Republic', 'Citadine', 'BMW', 'Illo est reprehenderit architecto quisquam iure at deleniti nesciunt. Numquam officiis provident laboriosam. Est est similique quo esse neque repellat non.', '/voiture/image2.jpg'),
(523, 'Tanzania', '4x4', 'BMW', 'Autem ut perspiciatis velit aut. Voluptatibus sed doloribus rerum qui. Dolor illum at nostrum sint dolorem. Aliquid deleniti dolorem natus aut sunt.', '/voiture/image3.jpg'),
(524, 'Antigua and Barbuda', '4x4', 'Peugeot', 'Quia excepturi dolorem libero et. Consequatur quos porro consequatur omnis. Veritatis repudiandae et dicta itaque magni.', '/voiture/image1.jpg'),
(525, 'Central African Republic', '4x4', 'Mercedes', 'Iste est magni consectetur expedita quisquam fugit. Quibusdam aut incidunt suscipit rerum sunt. Reprehenderit et quo saepe commodi aut sit hic.', '/voiture/image5.jpg'),
(526, 'Jersey', 'Citadine', 'BMW', 'Omnis facere natus non accusamus error asperiores reprehenderit sunt. Aperiam iste qui architecto quod quasi aut molestias. Facere dicta omnis non temporibus qui dignissimos.', '/voiture/image2.jpg'),
(527, 'Iceland', '4x4', 'Citroen', 'Blanditiis deserunt repellat id qui ipsa accusamus. Quos natus quo est deserunt iusto non. Beatae neque natus quis nihil aut eius. Quam culpa eaque autem minima molestiae facilis eligendi quo.', '/voiture/image2.jpg'),
(528, 'Micronesia', '4x4', 'Citroen', 'Placeat qui repellat nam magnam velit sit minima. Velit sint mollitia cumque temporibus. Quia sunt sit voluptas sunt nisi omnis. Maxime corrupti ab ipsam cupiditate repellat.', '/voiture/image3.jpg'),
(529, 'Mauritius', 'Tout terrain', 'Peugeot', 'Maiores et mollitia sed harum aliquid qui aut. Aperiam at laboriosam mollitia. Quisquam quaerat alias voluptatibus praesentium quo. Repellat eum vero quas labore omnis rem.', '/voiture/image4.jpg'),
(530, 'Cyprus', 'Tout terrain', 'Mercedes', 'Ipsam dolorum reiciendis veniam tenetur repellendus dolores. Qui voluptas magni recusandae explicabo dignissimos natus. Neque ducimus ullam excepturi.', '/voiture/image3.jpg'),
(531, 'Lebanon', '4x4', 'BMW', 'Dolor veritatis quia molestiae consequatur aut repudiandae. Exercitationem minima iure sapiente nobis laudantium sit.', '/voiture/image3.jpg'),
(532, 'Saudi Arabia', '4x4', 'Mercedes', 'At voluptatem voluptas voluptatem delectus saepe. Nesciunt iusto sapiente sint incidunt eaque esse rerum. Aut qui ad expedita ab aperiam cum.', '/voiture/image4.jpg'),
(533, 'Barbados', 'Citadine', 'Audi', 'Odit quod aut in qui veniam rerum voluptatem velit. Vel consectetur sed aliquid id sit unde. Id voluptas eos vel illum voluptatem.', '/voiture/image4.jpg'),
(534, 'Svalbard & Jan Mayen Islands', 'Citadine', 'Mercedes', 'Aut aperiam esse corporis fugiat adipisci. Deserunt nulla ut facere magnam error. Deleniti eos autem est eius. Fuga mollitia ut facere possimus iusto.', '/voiture/image2.jpg'),
(535, 'Kuwait', 'Citadine', 'Audi', 'Ad qui quo perspiciatis ut. Animi corporis non explicabo rerum voluptatum. Optio repellendus porro autem qui esse. Beatae voluptatem sed dolorem cumque sit voluptatibus atque et.', '/voiture/image4.jpg'),
(536, 'Pitcairn Islands', 'Tout terrain', 'Audi', 'Numquam ex odit culpa blanditiis ipsum accusantium consequatur perspiciatis. Eum dolor aut quasi praesentium. Et voluptatem quo cum explicabo.', '/voiture/image1.jpg'),
(537, 'Belize', 'Tout terrain', 'Peugeot', 'Et aut aliquid rerum possimus iste voluptatibus aut vel. Quibusdam eos aut quibusdam voluptate.', '/voiture/image4.jpg'),
(538, 'Haiti', '4x4', 'Peugeot', 'Voluptatem esse perferendis impedit autem nihil rerum. Eum et omnis eos voluptas. Ut autem quia iusto nemo. Ex maxime aliquam iusto tempore quia autem. Pariatur nemo omnis dolorum placeat.', '/voiture/image3.jpg'),
(539, 'Korea', 'Tout terrain', 'Citroen', 'Necessitatibus hic quo harum ut. Assumenda fugit tempore sunt qui omnis mollitia. Adipisci dolorum et consequuntur praesentium ea et optio aut. Et enim nam perferendis qui nisi tempora.', '/voiture/image6.jpg'),
(540, 'Nepal', 'Citadine', 'Mercedes', 'Minima et voluptatem quibusdam fugit. Nesciunt porro non vitae minima nisi. Nihil cum qui eligendi consequatur quia.', '/voiture/image2.jpg'),
(541, 'Jamaica', '4x4', 'Citroen', 'Aperiam hic officiis aut sit ut cupiditate quae. Explicabo aut non dignissimos ut. Et quia sed et. Excepturi accusantium et voluptas cupiditate quia distinctio eum.', '/voiture/image5.jpg'),
(542, 'Micronesia', '4x4', 'BMW', 'Quo sit sit dolorem aut rerum. Magni magni sapiente voluptatem sapiente. Ut sint et autem accusantium a ipsa. Natus omnis inventore dolore voluptatibus rerum.', '/voiture/image2.jpg'),
(543, 'Kazakhstan', 'Citadine', 'Audi', 'Omnis repudiandae hic sapiente saepe. Deserunt maiores culpa velit non dolorem.', '/voiture/image4.jpg'),
(544, 'Gabon', 'Tout terrain', 'Audi', 'Quae rerum commodi quam nemo. Eius accusamus ea iusto rem fugit architecto et. Quaerat omnis sed rerum ut aliquam. Architecto dolorum repellendus nostrum et voluptates consequuntur maxime.', '/voiture/image5.jpg'),
(545, 'Bouvet Island (Bouvetoya)', 'Citadine', 'Mercedes', 'Est et consectetur velit dolore. Et ipsa voluptatum officiis. Delectus quia natus eligendi dolorum recusandae veritatis. Est sit similique animi.', '/voiture/image4.jpg'),
(546, 'Peru', 'Citadine', 'Audi', 'Sint fuga sunt in sit facere rerum quibusdam. Corporis perspiciatis veniam inventore sapiente quasi voluptatem ut saepe. Id voluptatem voluptatem architecto dolorum consequatur quibusdam hic rerum.', '/voiture/image3.jpg'),
(547, 'Anguilla', 'Citadine', 'Audi', 'Quis nihil molestias consectetur explicabo dignissimos quo quidem. Non culpa nisi voluptas distinctio quaerat nesciunt sed. Sed vitae in sapiente optio.', '/voiture/image5.jpg'),
(548, 'Honduras', 'Citadine', 'Mercedes', 'Explicabo modi vel error necessitatibus eveniet. Dolorem praesentium dolor est qui ut. Aut tenetur repellendus voluptate quas quia qui.', '/voiture/image4.jpg'),
(549, 'United States Virgin Islands', 'Tout terrain', 'Audi', 'Est nemo omnis quas in natus qui. Ea reiciendis numquam sit blanditiis. Excepturi sunt similique enim qui sit nisi. Et dolore architecto excepturi ex nesciunt sed incidunt eveniet.', '/voiture/image1.jpg'),
(550, 'Venezuela', 'Tout terrain', 'Peugeot', 'Vero qui et est modi. Aut sed error sed consequatur repudiandae facere. Velit maxime et placeat rem ex voluptates quia. Voluptatem quidem alias voluptas.', '/voiture/image4.jpg'),
(551, 'Tajikistan', '4x4', 'Citroen', 'Quia consequatur aut quidem quos nam. Dolores esse alias corporis adipisci. Et et et omnis voluptatibus distinctio quo. Iste sunt sint nesciunt fugiat distinctio quis eos.', '/voiture/image3.jpg'),
(552, 'Saint Kitts and Nevis', 'Tout terrain', 'Audi', 'Consequatur similique ut pariatur molestiae optio laborum dolores. Molestiae repudiandae ut id. Hic recusandae repellendus natus in placeat.', '/voiture/image5.jpg'),
(553, 'Tokelau', 'Tout terrain', 'BMW', 'Quis cum atque nihil aut quo exercitationem. Tenetur neque saepe enim expedita. Iste aut aspernatur expedita sit. Est possimus aut magni aut.', '/voiture/image4.jpg'),
(554, 'Benin', '4x4', 'Mercedes', 'Dolor illo est totam unde ut illo. Eius aut neque accusamus. Iste deserunt quam laudantium consequatur quam nihil.', '/voiture/image2.jpg'),
(555, 'Serbia', 'Citadine', 'BMW', 'Molestiae cum rem sunt. Sunt modi doloribus perspiciatis laboriosam. Eum aspernatur consequatur dolor recusandae exercitationem aut. Unde dolores neque et aut maiores voluptas.', '/voiture/image2.jpg'),
(556, 'Western Sahara', 'Citadine', 'Mercedes', 'Inventore commodi laboriosam qui veritatis illo quas. Rerum a neque itaque voluptatem et culpa rerum. Impedit beatae libero vel sit mollitia. Porro in dolores expedita.', '/voiture/image3.jpg'),
(557, 'Turkmenistan', 'Citadine', 'Mercedes', 'Debitis voluptas impedit consequatur nulla. Earum quia sit iste quia illum non. Esse voluptatibus rerum in repudiandae modi.', '/voiture/image5.jpg'),
(558, 'Palestinian Territories', 'Tout terrain', 'Peugeot', 'Expedita ipsam vel tenetur perferendis assumenda pariatur. Qui voluptatem aliquam voluptatem ullam incidunt hic. Officiis autem natus est dolorem labore.', '/voiture/image1.jpg'),
(559, 'Libyan Arab Jamahiriya', '4x4', 'Mercedes', 'Et culpa et pariatur consectetur velit eligendi. Delectus ab ad dignissimos accusantium quia rerum sequi sit. Beatae id et doloremque ipsam itaque ut.', '/voiture/image4.jpg'),
(560, 'Panama', '4x4', 'Audi', 'Quos ut in consequatur dicta est. Et officia aut voluptatem perspiciatis quo. Voluptatem velit in in vel necessitatibus.', '/voiture/image5.jpg'),
(561, 'Jersey', 'Tout terrain', 'Mercedes', 'Commodi nulla vitae quod odit ab provident. Maiores eos delectus maiores culpa voluptates laboriosam. Labore quo dignissimos qui nihil.', '/voiture/image4.jpg'),
(562, 'Nepal', '4x4', 'Audi', 'Eligendi expedita et asperiores. Iure officiis et a aspernatur. A nam ipsum voluptas illum dignissimos minus. Sunt voluptas deserunt soluta libero fuga.', '/voiture/image4.jpg'),
(563, 'Tajikistan', 'Citadine', 'Peugeot', 'Consequuntur sunt ut ratione odio ullam laudantium libero distinctio. Vitae veritatis velit vitae voluptatibus molestias id totam. Eos molestiae commodi sint optio tenetur numquam facilis.', '/voiture/image6.jpg'),
(564, 'Costa Rica', 'Tout terrain', 'Mercedes', 'Eum quis autem architecto et. Rem dicta rem accusamus recusandae quasi. Ut illum sed quis ut explicabo voluptatem.', '/voiture/image5.jpg'),
(565, 'Germany', '4x4', 'Mercedes', 'Doloribus nihil et eos libero eaque. Nisi quia incidunt dolores ex. Omnis et et velit accusantium repudiandae necessitatibus similique labore.', '/voiture/image6.jpg'),
(566, 'Saint Martin', '4x4', 'Peugeot', 'Mollitia doloremque in itaque soluta aliquam. Unde quo nihil et. Consequatur officia aut hic aut vel. Iure sit dolores vitae dolorum.', '/voiture/image2.jpg'),
(567, 'Sri Lanka', 'Tout terrain', 'Citroen', 'Voluptatem sed amet ea laudantium atque dicta saepe. Molestiae iusto porro facilis sed et minima ipsa. Nostrum sit tempora possimus consectetur et eius.', '/voiture/image3.jpg'),
(568, 'Norway', 'Tout terrain', 'BMW', 'Temporibus et dolorum placeat accusamus ut itaque. Deserunt quis veniam deleniti excepturi. Libero ut dolor ratione quo. Et veritatis est aspernatur repellat earum sit.', '/voiture/image1.jpg'),
(569, 'Saint Vincent and the Grenadines', 'Tout terrain', 'Mercedes', 'Voluptatibus voluptatem sit placeat quae blanditiis sint veniam numquam. Rem enim nulla ipsa. Et ducimus dolor magnam distinctio.', '/voiture/image1.jpg'),
(570, 'Myanmar', 'Tout terrain', 'Citroen', 'Laborum expedita et sit. Sunt eum exercitationem eum quia dolorem velit. Cumque omnis quidem eum tenetur aut sed distinctio.', '/voiture/image3.jpg'),
(571, 'French Polynesia', '4x4', 'Mercedes', 'Repellendus similique reiciendis architecto molestiae aut ea. Omnis ratione maxime id fugiat minus quisquam.', '/voiture/image1.jpg'),
(572, 'Czech Republic', '4x4', 'Mercedes', 'Nam pariatur et nulla laborum et molestiae. Qui optio dicta sed laborum magnam. Atque ipsum nesciunt aut qui quis voluptatem. Quidem accusamus et ex modi voluptatibus nisi.', '/voiture/image3.jpg');

-- --------------------------------------------------------

--
-- Structure de la table `comment`
--

CREATE TABLE `comment` (
  `id` int(11) NOT NULL,
  `car_id` int(11) NOT NULL,
  `users_id` int(11) NOT NULL,
  `body` longtext COLLATE utf8mb4_unicode_ci NOT NULL,
  `date` datetime NOT NULL
) ENGINE=InnoDB DEFAULT CHARSET=utf8mb4 COLLATE=utf8mb4_unicode_ci;

--
-- Déchargement des données de la table `comment`
--

INSERT INTO `comment` (`id`, `car_id`, `users_id`, `body`, `date`) VALUES
(2868, 473, 60, 'Ea consectetur vel aut blanditiis quia. Est tempore possimus quae consequatur rerum labore accusantium. Laborum placeat odio ratione dicta doloremque omnis.\n\nAperiam in sed necessitatibus. Dolores nisi ullam vero sit et dolor eum. Voluptatem commodi et accusamus provident ullam. Ut vel quasi voluptatibus ut.', '2008-05-27 07:08:59'),
(2869, 473, 65, 'Alias repudiandae eos saepe necessitatibus occaecati sint. Corporis est dignissimos enim praesentium non cum voluptatem. Similique qui ut laudantium et aut at.\n\nMinima neque accusamus libero ab eveniet. Eum pariatur qui repellat earum expedita quia. Totam commodi quidem facere.', '1997-04-08 04:34:55'),
(2870, 473, 57, 'Voluptas dolorem architecto assumenda culpa. Illo odit eos excepturi laboriosam cumque cum voluptas.\n\nQuis temporibus ut aliquid natus doloremque non. Quia quae nesciunt veritatis et qui dolorem omnis. Voluptas illum numquam voluptates qui eos et nobis. Eveniet dolores sit deleniti modi quisquam placeat.', '2000-11-08 12:29:46'),
(2871, 473, 57, 'Sunt eligendi at suscipit dolores consequatur aut. Debitis tempora qui provident molestiae sunt qui. Est beatae optio ipsum atque. Fuga non aliquam eos blanditiis sit.\n\nQuo maxime neque laborum ut vel. Blanditiis aut iste aut quam aut ut. Omnis laudantium et molestiae qui. Aut adipisci sunt dignissimos accusamus at.', '1994-03-24 23:43:33'),
(2872, 473, 61, 'Sed qui molestiae sed nobis vel similique. Qui explicabo ut doloribus facilis est. Voluptatem et quaerat doloribus quo.\n\nFacere eos dolorem sit dolorem alias vitae animi. Incidunt earum voluptatem exercitationem enim aut. Eligendi animi nisi eligendi nesciunt quia id est. Ut qui soluta officiis vero.', '2019-10-11 14:47:56'),
(2873, 473, 62, 'Non nulla eaque ea maiores. Quae cum est iste doloribus possimus accusamus neque. Ut magni rerum sit et aliquam. Quos est aut tenetur vitae deleniti molestiae rerum.\n\nTempore nihil sapiente quia enim quo consequuntur autem. Dolor sunt ut illum. Quos vel quia praesentium atque aut quos cum.', '2013-01-24 11:32:30'),
(2874, 473, 62, 'Non ut similique ut dolorem nesciunt voluptatem saepe. In non voluptatem beatae nam. Non quia id ea quas praesentium esse quae.\n\nA est eaque unde facere ut voluptatibus explicabo delectus. Rem fugiat voluptate est. Sed officia tenetur voluptas.', '2007-06-04 11:02:00'),
(2875, 473, 60, 'Delectus aliquam et quia et dolorem. Harum ullam perferendis quae nesciunt. Voluptatem aut eveniet architecto. Laboriosam id corrupti molestias consequuntur cupiditate.\n\nOptio quasi quam laudantium vero voluptates enim aut. Delectus similique placeat qui saepe. Doloribus perspiciatis numquam reiciendis eveniet. Minus repellat ab quod consequatur quia provident velit. Modi eligendi voluptas nesciunt nobis assumenda ut.', '2006-04-09 20:34:08'),
(2876, 473, 58, 'Quas itaque rem architecto molestiae. Id assumenda sit eligendi perferendis dignissimos.\n\nEt nulla aliquam a eum enim enim. Eius saepe iusto optio eum aut quia iste quas. Enim non voluptas est magni excepturi autem omnis iusto. Eum qui omnis est dolores eum et facilis.', '2021-08-12 13:23:02'),
(2877, 473, 59, 'Harum dolorum rerum ut ut. A incidunt fugiat quidem quaerat maiores ea ipsam. Cum amet eius et possimus eveniet qui maiores.\n\nDolor et qui et enim sint aut. Qui aut soluta laborum. Error ducimus voluptas corrupti quidem non velit et aut. Maiores facilis distinctio enim quae.', '2001-09-13 12:29:04'),
(2878, 474, 56, 'Quasi natus voluptas ullam reiciendis at. Quas quia error ab quis qui molestiae. Exercitationem ex minus vero ab. Et necessitatibus esse qui sit.\n\nAut id ipsa et dolores temporibus. Aliquid error quis et a voluptatem repellendus dolor. Et quis vero expedita omnis. Aut quisquam est autem pariatur.', '2002-05-22 18:01:39'),
(2879, 474, 64, 'Neque harum qui consequuntur beatae aut molestiae voluptatum. Quas consectetur impedit rerum amet. Deleniti et placeat delectus ut ipsam. Nisi facere inventore qui.\n\nEst sed inventore autem quo aliquam. Sequi vitae sed quam aut est dignissimos. Voluptatem reiciendis quia corrupti. Eveniet voluptatem est occaecati esse dolores delectus.', '2009-12-14 12:36:05'),
(2880, 474, 57, 'Ducimus velit accusantium non itaque consectetur et fugiat quis. Molestiae nostrum non eum iusto. Quaerat nesciunt provident et ullam. Quia facere ipsum incidunt aut doloribus quod et magnam.\n\nEt et corrupti enim excepturi aliquam voluptatem. Harum beatae autem necessitatibus vitae est quidem libero. Vero omnis eius et perferendis quibusdam vel necessitatibus.', '2000-01-08 02:39:52'),
(2881, 475, 65, 'Voluptatem molestiae quas in qui rerum illo nulla veritatis. Impedit recusandae omnis id aspernatur consequuntur dolorem. Ad veritatis id similique modi nesciunt id.\n\nAtque dignissimos eveniet expedita consequuntur. Natus ea fugit voluptatum repellat. Velit voluptate quis veniam.', '2009-01-28 12:59:36'),
(2882, 475, 60, 'Ratione quod labore adipisci delectus molestias id quia. Doloremque ullam aliquam repellendus omnis hic. Voluptates in non earum consequatur deserunt a eius. Error sit mollitia consequuntur aut sit animi nulla in.\n\nEnim quos et veritatis fugiat ut iure. At et et id quas molestiae. Impedit beatae sapiente perferendis tenetur eos. Aut tempore blanditiis cumque odio explicabo. Qui ut quia et temporibus quia.', '2007-06-02 19:52:35'),
(2883, 475, 65, 'Voluptatibus nemo et qui modi eligendi laborum autem. Vero omnis consequatur quos earum totam aspernatur nostrum ut. Architecto adipisci sunt ipsa magnam voluptatem numquam provident.\n\nEt deserunt cupiditate omnis dolores atque consequatur et. Harum id modi eius ipsa ratione. In delectus ut reprehenderit consequatur expedita dolorum tempora.', '2017-01-28 11:52:14'),
(2884, 475, 64, 'In odio doloribus dolorem ea veritatis. Impedit occaecati culpa quos quia asperiores doloremque expedita. Similique nesciunt quia eum temporibus. Soluta dolorum veniam molestias sapiente quasi nemo.\n\nSed vel dolor autem et enim voluptatibus amet. Voluptate non incidunt molestias repudiandae. Dolor molestias animi vero sed autem.', '1992-06-09 16:42:09'),
(2885, 475, 65, 'Similique dolorem est ut aut sit odit et harum. Laudantium quis aut temporibus laborum. Eius totam perspiciatis voluptatum ullam fugiat dolorem. Enim animi odit reiciendis ut.\n\nOdit doloribus vel eius ut itaque tempore temporibus. Vel voluptas magni perferendis quia impedit repudiandae dolor delectus. Ut aperiam laboriosam accusantium consectetur vitae. Corporis natus ex tempore eius ut. Aut voluptate earum totam tempore.', '2010-12-09 23:40:09'),
(2886, 475, 63, 'Repellat nisi non maxime esse consectetur. Iste officia ex asperiores. Nesciunt ut est eos totam et itaque enim. Et aut labore sit eum molestiae consequatur placeat.\n\nCommodi aut sit dolore nesciunt amet dolor. Recusandae quod odio autem dolorum fugiat. Veniam commodi dolor modi quas dolorem ea deserunt.', '2019-04-23 07:59:04'),
(2887, 475, 65, 'Non molestiae voluptas enim. Est repellendus corrupti ullam illum saepe. Voluptatum voluptas dolores nihil mollitia. Corporis a voluptas est amet hic ut quis aut.\n\nQuo et consequatur ex sunt. Est veniam voluptate sit voluptatem rerum odio sunt. Corporis ipsam earum qui qui velit similique doloribus sed. Repellat quibusdam id officia pariatur qui quo.', '2013-08-07 22:20:17'),
(2888, 475, 64, 'Recusandae modi autem voluptatem ut qui. Tempore rem expedita error aut velit totam. Veniam illum quia quibusdam at et repudiandae sint.\n\nFuga ut esse aut architecto ea et officia. Nobis quasi sint modi nulla ratione. Et doloribus esse quis labore placeat voluptas doloribus.', '2003-12-28 01:18:48'),
(2889, 475, 63, 'Dolorem quia eos molestiae a perspiciatis provident. Laudantium ut est enim et eos non nesciunt et. Velit officiis qui optio expedita in asperiores similique. Nihil dignissimos debitis exercitationem omnis et dolores.\n\nOmnis maiores ut quam sunt libero. Quia culpa praesentium ab. Repellendus reiciendis non impedit natus ut et. Ducimus occaecati quidem et vero atque et quia.', '1992-10-12 20:38:44'),
(2890, 475, 56, 'Voluptatem ipsa rerum placeat culpa laboriosam. Unde architecto cum optio et. Quae impedit eligendi est. Repudiandae accusamus nihil dignissimos ea dolores.\n\nError ex eius ut iusto. Omnis nesciunt et in libero. Voluptatem quia consequatur numquam voluptatem eveniet perferendis et.', '2008-05-29 19:47:45'),
(2891, 475, 61, 'Est dolorum eum consequatur unde et. Pariatur repudiandae veritatis facere cumque recusandae unde. Iste et ullam architecto eos voluptatem nostrum impedit.\n\nMolestiae reprehenderit qui sint et. Hic nemo illo corrupti id. Mollitia aut voluptas est eos. Praesentium ipsa pariatur molestiae. Illo totam nostrum ut voluptas.', '1995-08-05 12:31:13'),
(2892, 476, 58, 'Non voluptatem laboriosam veniam consequatur at. Quisquam laborum nihil voluptatem aliquid necessitatibus excepturi doloribus dignissimos. Aut qui molestiae temporibus odit ea aliquam rem.\n\nFugit est nihil aut nemo. Porro et doloribus sint beatae. Repudiandae aut distinctio quibusdam maiores alias.', '2003-02-19 05:53:26'),
(2893, 476, 56, 'Labore cum cumque voluptatibus et. Sequi consectetur quos ea non voluptatibus in aut. Rerum exercitationem eum saepe enim qui nulla voluptatem. Unde officiis dolor animi ipsam magni perferendis perspiciatis optio.\n\nVelit sint quibusdam quos et est dolorum veniam. Soluta eum qui vel. Quo laudantium repudiandae harum voluptates. Similique et aut alias velit quia sunt. Tenetur sit cupiditate dolor illum animi non.', '2007-03-19 23:44:13'),
(2894, 476, 65, 'Ipsam saepe tenetur voluptas mollitia id. Vel ipsa quod aperiam quo quasi laboriosam. Laudantium porro minus et rem libero qui aut. Explicabo assumenda animi quas et voluptatum. Eos voluptatem ratione dicta minima sed vitae.\n\nMinima sint quo fugit est. Eum tenetur voluptatem magnam mollitia.', '2012-01-09 01:51:39'),
(2895, 476, 64, 'Et nam enim labore maiores. Sed eius quibusdam eligendi reprehenderit. Consectetur aliquid quam quia nobis.\n\nEa quia asperiores nobis dolorem deserunt repudiandae ad. Laudantium neque qui quia fuga voluptatem.', '2009-06-10 00:19:22'),
(2896, 476, 65, 'Velit aspernatur at consectetur reiciendis dolor qui animi. Incidunt qui adipisci tenetur omnis et ea dolorum. Incidunt praesentium omnis molestias. Quis maiores rerum officia consequatur vel accusamus.\n\nNecessitatibus nisi tempora ut necessitatibus dolorum quaerat. Harum laborum a repellat ut quia. Quas sint quo magni nihil odio aut. Debitis tenetur consequatur mollitia consequatur.', '2018-10-22 14:43:38'),
(2897, 476, 58, 'Incidunt nihil eos dolor. Eius commodi consequuntur vitae sapiente tenetur laudantium aut. Natus velit cumque porro libero cum. Nemo nisi quidem ullam eveniet et iste tempora.\n\nNemo labore laudantium et autem voluptas inventore. Consequatur explicabo reiciendis voluptates sed dolorem aut.', '2002-06-17 23:11:42'),
(2898, 476, 64, 'Molestiae esse eum provident. Beatae maxime eaque itaque cumque provident. Nemo dolorum beatae excepturi illo qui atque.\n\nDeleniti beatae voluptatem est ratione exercitationem ipsum provident earum. Consequatur harum voluptas perferendis sunt cupiditate amet fugiat aliquid. Enim nulla sit voluptas omnis veniam laborum. Quod commodi aut dolores minima eius.', '1999-06-22 09:23:23'),
(2899, 477, 58, 'Ipsam ipsa quo quia et quibusdam ea. Voluptatibus est in omnis voluptatem consequatur placeat. Et voluptas illum et qui eveniet.\n\nVel ipsam voluptatem sequi veritatis ut aut et. Amet sed aut aliquid repudiandae. Fugit dolorem aut nihil expedita sed qui impedit. Possimus quia porro necessitatibus optio aut.', '2018-01-26 11:07:22'),
(2900, 477, 56, 'Architecto illo ut aspernatur quia eveniet in. In enim aut inventore nihil sit eligendi. Qui in consequatur voluptatem aut assumenda recusandae vel. Animi quaerat iste est ipsam excepturi praesentium.\n\nOdio non excepturi pariatur debitis quis aspernatur qui laborum. Aut eum distinctio dolorem minus maxime. Et voluptatem est iusto deleniti. Quia quidem rerum quisquam et.', '2012-01-27 11:21:00'),
(2901, 477, 64, 'Aliquam consequuntur amet magni consequuntur at. Sit architecto quis qui. Expedita non occaecati deleniti voluptas odio aperiam ducimus molestias.\n\nId sequi ipsam delectus officiis velit expedita magni dolorem. Itaque voluptate modi dolores illo.', '2001-02-12 00:14:09'),
(2902, 477, 58, 'Tempore quis laboriosam et natus unde. Quidem necessitatibus ea possimus adipisci aut quae ut. Et officiis deleniti amet eum quia itaque sit.\n\nAspernatur inventore aspernatur qui expedita et. Temporibus natus voluptatem in autem ipsam. Error voluptatem unde laboriosam suscipit soluta. Placeat omnis ex voluptatem sit omnis dolorem veniam.', '2007-08-15 07:44:28'),
(2903, 477, 58, 'Aut dolores reiciendis dicta molestias illum eum. Placeat similique odit voluptatum enim dolor. Eos voluptates nihil sit eaque rem.\n\nEa est et voluptas adipisci consequatur. Voluptas unde quaerat eius accusamus ut quam et. Quia doloribus sed doloremque minus nihil qui. Porro voluptates eos non architecto. Quo sed et assumenda nostrum nihil est fugiat.', '2003-03-25 14:49:55'),
(2904, 477, 63, 'Unde ut quis officiis cumque voluptatem hic et et. Et aut doloribus est labore vel. Veniam velit quod est cum tempore.\n\nNulla at repellat cum adipisci aliquid corrupti qui. Nostrum corporis quidem id autem. Pariatur laudantium expedita velit.', '2017-01-31 02:48:33'),
(2905, 477, 56, 'Sed nisi accusamus ut sapiente minima. Libero sunt voluptatem consequatur tempora aut maiores. Laboriosam autem libero qui qui. Mollitia fugit doloremque est dicta.\n\nEt molestiae repellat in voluptatibus iste accusantium. Ea rerum blanditiis cumque qui deleniti voluptatem neque. Enim at tempora aperiam reiciendis.', '2019-09-03 02:27:20'),
(2906, 477, 63, 'Et vitae nihil assumenda ipsum possimus voluptatem. Fugit hic voluptatem consectetur reiciendis aut nobis. Aperiam porro ut ut laboriosam enim aperiam facere. Nemo iure rerum totam consectetur explicabo et laboriosam.\n\nEst voluptates quibusdam a odit dolorem praesentium in ipsam. Ut et nostrum nihil. Dolorem non voluptatem repellendus aliquid nemo inventore sint. Eos qui sunt reiciendis optio aut voluptatibus.', '2005-07-02 07:31:07'),
(2907, 478, 59, 'Esse non omnis dicta magnam. Dolorem quos velit neque. Amet commodi voluptatem non et laboriosam suscipit.\n\nVoluptatem tempora est incidunt impedit animi voluptatem. Sed qui eveniet ut omnis vitae. Dolore voluptas qui atque rerum. Qui facilis aliquam rerum qui.', '2013-03-26 11:01:01'),
(2908, 478, 56, 'Qui quod natus at provident eos. Nemo qui corporis nostrum id. Ut nostrum quia voluptate nesciunt quia et veritatis.\n\nQuaerat eveniet ducimus veritatis doloribus labore aut voluptatem. Deleniti qui sunt voluptas et. Facilis placeat non assumenda ut tempore ullam omnis. Dolore odio dolorem nemo explicabo incidunt.', '2012-08-17 20:05:09'),
(2909, 478, 61, 'Veritatis at incidunt ullam. Voluptatem explicabo est voluptate ut itaque voluptates deserunt nihil. At et sunt quisquam accusantium soluta sint sit. Placeat possimus ut aut optio sunt.\n\nEst omnis qui totam repellendus ipsum. Rem sequi voluptatem ipsam sit. Aut voluptas rerum quibusdam in quia earum omnis. Quis quod ut autem qui.', '1995-10-27 18:55:44'),
(2910, 478, 61, 'Totam facilis vel ipsam facere. Qui magni in in voluptas sunt enim. Id porro necessitatibus praesentium ab in. Sed aut voluptate facilis et similique et.\n\nRepudiandae debitis maiores sit recusandae sit nihil. Facilis accusamus saepe ad suscipit quia. Inventore et laboriosam veritatis. Sint est quia dolores ex velit earum.', '1997-09-09 15:10:41'),
(2911, 479, 58, 'Ea ab qui et repudiandae. Tenetur et natus earum earum. Voluptatem ut ducimus et qui error. Ut accusamus incidunt distinctio est ex.\n\nVitae suscipit id esse rerum. Numquam tempora aliquid eligendi atque qui. Officia sed aut sit est.', '2018-10-05 15:59:50'),
(2912, 479, 63, 'Cum est sequi est nobis voluptas aperiam est. Dicta sed totam impedit id magnam omnis expedita. Nihil magnam possimus dignissimos tenetur expedita non. Maxime sit consequatur perferendis hic.\n\nError eius qui voluptatem in blanditiis tempore velit voluptatum. Hic est error cupiditate. Repellat exercitationem culpa recusandae in laborum consequatur inventore. Quas quia aspernatur officia dolorem qui.', '2009-10-04 11:49:10'),
(2913, 479, 61, 'Est at sit quas facere error. Tempora nobis aliquid amet qui quia nihil. Optio facilis est magni officiis totam. Aut quaerat est maiores tenetur quia quasi.\n\nUllam aspernatur occaecati aut. Consequatur voluptatem magni sed aut. Autem earum quo consequatur rerum.', '2000-03-04 20:38:20'),
(2914, 479, 59, 'Dicta dolorem esse dolor qui cum qui distinctio vero. Animi reiciendis eum occaecati quia. Autem pariatur cupiditate eum fugiat et. Illo velit quas quaerat fuga aut harum unde.\n\nDebitis sunt quos quasi aut facere. Soluta ex quos architecto vero est.', '2015-11-05 22:00:24'),
(2915, 479, 62, 'Dolorem inventore quia non velit. Eius natus reiciendis ut rerum est reiciendis. Qui ut ducimus similique atque minus enim. Delectus repellat sed voluptatem.\n\nQuo adipisci voluptatem eum non nihil. Adipisci eos est voluptatem iste non ut. Non incidunt sed est.', '1999-05-13 18:13:47'),
(2916, 479, 59, 'Et exercitationem tenetur provident illum quo. Ab cum quia laborum possimus sapiente asperiores. Corporis ipsa ipsum quia pariatur.\n\nQuia non sit consequatur quidem iste. Sed est dignissimos iusto tempora dolorem quaerat enim. Eaque facilis est explicabo sapiente ratione vel.', '1992-02-03 12:37:12'),
(2917, 480, 58, 'Molestiae et sed non error neque maxime perferendis. Numquam fugiat aspernatur consequatur enim quaerat doloribus sint. Dolorum vero in quidem beatae quibusdam eius recusandae. Ut et non consequatur.\n\nQuia ex at totam id voluptas. Quia tenetur nam amet quisquam.', '2018-07-24 12:32:54'),
(2918, 480, 61, 'Blanditiis amet deserunt quos. Vel ea rerum eveniet quisquam perferendis amet. At a dolores magni et architecto excepturi sed mollitia.\n\nRem cupiditate autem nihil omnis. Autem nostrum dignissimos et facilis aut dignissimos fuga. Vitae rerum quidem magni et. Asperiores eos sed dolores exercitationem corporis.', '2007-11-21 00:16:44'),
(2919, 480, 61, 'Occaecati nihil qui hic reiciendis aperiam harum. Eum quia quia aperiam velit a veniam. Rerum eum quaerat molestias esse fugiat qui quas. Illo enim explicabo velit beatae.\n\nUt reprehenderit reprehenderit recusandae ea nulla dolorum culpa. Corrupti expedita ratione id nisi ab dolorum. Officiis porro natus sit molestias similique quia dolorum. Suscipit tenetur quis et et consequatur.', '1995-08-18 04:38:47'),
(2920, 480, 65, 'Nemo doloribus perferendis minima quam ipsam quia praesentium. Sit necessitatibus ipsa quia natus et quia. Ut voluptas minima eum molestias vel mollitia expedita adipisci.\n\nPariatur doloremque facilis voluptatem ut quisquam. Et voluptatem facilis magnam aut nobis. Eius repellendus sint modi fugiat numquam ipsa. Molestiae sint quis esse accusantium sed.', '2010-02-21 08:04:21'),
(2921, 480, 57, 'Labore explicabo ipsum modi occaecati. Est soluta consequatur aliquid voluptatum et sint. Consequuntur sit sequi perspiciatis. Aut et praesentium et quasi hic sed non.\n\nLaboriosam consequatur consequatur laudantium velit modi quibusdam. In omnis totam est laboriosam cum. Esse et eligendi dolorem quis impedit rerum. Delectus ut voluptatem consequatur earum exercitationem aliquid aut.', '1997-10-01 17:58:18'),
(2922, 480, 57, 'Ad ullam animi aut eveniet animi vitae. Accusantium incidunt animi eos. Nisi est unde repellendus aperiam non.\n\nVero vitae officiis commodi laboriosam. Provident vel quasi dolores est at. Qui deleniti alias ut voluptates.', '1992-10-08 21:54:02'),
(2923, 480, 62, 'Blanditiis ut sit aliquam quis officia quam qui rerum. Quo dolor voluptates et accusamus. Dolorem id doloremque non voluptates veniam fugit qui. Ullam cumque necessitatibus voluptas autem et.\n\nCommodi eum alias ipsa molestiae sit. Dolor sed totam sint corrupti a nesciunt eligendi. Quis et non facere sequi quod eaque sed accusantium.', '1993-06-06 09:35:21'),
(2924, 481, 64, 'Quis ratione nulla illum commodi optio unde. Dolores hic rerum nemo unde qui laborum aut voluptas. Sit in est eum odit qui. Impedit et cumque nihil perspiciatis.\n\nSaepe ut culpa a rerum et consequatur iusto. Perferendis enim animi vel harum. Aut ut illum qui cupiditate non. Adipisci repellendus accusantium nesciunt repellendus iure doloribus nihil.', '1997-10-26 04:27:45'),
(2925, 481, 62, 'Voluptatem suscipit tenetur adipisci. Labore iusto sed minus assumenda omnis iusto ipsa consequatur. Reiciendis id tempore velit facilis aut.\n\nQuia iste qui eaque sed et repellendus. Molestias non nisi dolor dignissimos quia. Incidunt aperiam ad voluptatem et earum sed tempora adipisci. Veniam eum est similique iure voluptates nulla at.', '2019-10-20 04:47:18'),
(2926, 481, 63, 'Cupiditate rerum sunt nulla ea aut. Et est quasi voluptatem dicta dolor tempora. Enim eos veritatis illo consequatur voluptate iusto.\n\nAut blanditiis veniam itaque tempora non labore temporibus. Laboriosam mollitia nisi iusto nostrum quis aut. Temporibus eaque optio impedit omnis fugiat iste asperiores.', '2011-10-22 03:58:05'),
(2927, 481, 57, 'Quia quod eius tempore ut omnis qui molestiae. Pariatur quae et veritatis.\n\nIste aliquam eveniet explicabo officiis eos sit. Tempora voluptatibus expedita placeat accusamus.', '2014-11-30 12:09:10'),
(2928, 481, 60, 'Quis unde aut impedit possimus doloribus id. Quasi quam voluptatem et quidem. Vel fuga et molestias dolore. Ratione aperiam cupiditate veritatis corrupti in et.\n\nAt tempora ipsam autem. Neque aut dolorem similique est autem. Dolores facilis dolore aut adipisci nihil perspiciatis. Molestiae impedit aut debitis saepe unde.', '1996-11-19 12:06:58'),
(2929, 481, 62, 'Fugit suscipit nemo incidunt earum nisi perferendis aliquam. Qui est nostrum et amet enim incidunt mollitia. Veritatis iusto dolor et ut. Modi maxime vel qui et voluptatem.\n\nMinus quisquam sit doloribus et sint. Et nesciunt nemo exercitationem totam aut corrupti incidunt corrupti. Necessitatibus aliquid cumque omnis dolorem.', '2007-06-08 01:33:19'),
(2930, 481, 63, 'Aut corporis at tempore quia accusantium eius. Laboriosam quia minus et non voluptatum saepe aut. Animi aut earum amet tempore cupiditate eius excepturi. Unde qui est sed dolores culpa magni optio.\n\nVoluptatum alias et minus nihil asperiores quaerat temporibus et. Qui error tenetur maiores distinctio pariatur beatae sit voluptatibus. Sunt ducimus perferendis repellendus rem placeat consequatur. Qui assumenda consectetur veritatis placeat asperiores dolor velit.', '2010-12-15 10:46:18'),
(2931, 481, 60, 'Aspernatur dolores dolorum pariatur. Dolorum ea ut omnis et cupiditate qui. Fugiat provident et ipsam sit ipsam ut.\n\nA quod qui et dolores quisquam incidunt cumque. Optio ab aut magnam est. Aut et voluptatem laudantium consectetur quod. Explicabo praesentium quia ut.', '2018-02-09 16:20:45'),
(2932, 481, 60, 'Et quia odit cumque dolorem in voluptatem unde in. Aut ipsam corrupti perferendis quas corporis optio. Aspernatur repellendus esse placeat eveniet ea et quibusdam. Ad eaque laudantium omnis esse illo in rerum.\n\nCumque molestiae ut sint. Similique omnis illo et. Velit dolor omnis est sunt itaque aliquam. Rerum et qui sit velit.', '2000-08-23 16:29:39'),
(2933, 482, 63, 'Cupiditate ipsam incidunt consequuntur et et. Iure aut accusamus nobis ad debitis ipsam. Eius ex expedita facilis eveniet. Incidunt ex omnis distinctio libero at nihil sed. Sunt perferendis eum veritatis.\n\nSequi culpa sunt veritatis qui ab consequatur sed. Saepe voluptates molestias quas consequuntur. Ipsam commodi consectetur accusamus officiis.', '2010-12-07 21:44:24'),
(2934, 482, 65, 'Placeat praesentium nihil qui omnis a odit. Est omnis distinctio laboriosam numquam commodi voluptatem sapiente. Eos expedita tempore quas accusamus inventore velit. Dolorem tempore rerum nobis non.\n\nConsequatur ut et nihil aut quia occaecati cupiditate minima. Qui ex blanditiis vel ratione ut rem autem. Dignissimos repudiandae quis distinctio necessitatibus qui eaque. Similique quia occaecati id ea.', '2005-07-02 07:20:30'),
(2935, 482, 58, 'Voluptas voluptatem temporibus neque architecto voluptatem consequatur adipisci. Nisi dolores id dolores quia eos ut. Modi maxime illum error commodi aut sapiente eveniet doloribus. Dolore quidem alias nulla eius doloremque.\n\nCulpa corrupti eveniet quod ipsa optio autem. Optio accusantium sed quod libero. Asperiores ea qui ut alias.', '1994-06-07 23:08:33'),
(2936, 482, 63, 'Animi eius laborum dolor in nisi. Consequatur esse et sequi perspiciatis harum. Commodi doloremque et est ut ad. Sunt architecto et natus ut quas et.\n\nEt accusamus laudantium itaque omnis et blanditiis illum. Rerum ab itaque nisi quo officiis minima numquam consequatur. Molestias ea voluptatem accusantium eos vel enim iure.', '1994-09-14 15:13:03'),
(2937, 482, 60, 'Est quis neque adipisci alias minima ab. Sequi rem molestiae qui magnam aut fuga ut eius. Odio dolorem corporis minus numquam.\n\nVoluptatem quam sapiente qui quasi earum deserunt. Blanditiis est ut in eius perferendis non. Ut ab beatae voluptatum ex facere qui saepe.', '1995-03-20 13:59:28'),
(2938, 482, 64, 'Voluptatibus possimus vero qui quam libero velit animi amet. Voluptates qui omnis ea tempora molestiae voluptatum.\n\nAnimi non cumque impedit magnam delectus et et. Molestias quam quasi aut sequi. Blanditiis debitis et vel aut odio voluptatum non. Aut et nihil molestias sunt.', '2019-08-25 04:15:52'),
(2939, 482, 65, 'Id temporibus voluptatibus qui consectetur eveniet asperiores soluta. Voluptatem beatae ut ad animi repellat minus. Dolores aliquam at dolorum labore.\n\nVel esse doloribus pariatur natus est. Ducimus molestiae dolore et pariatur et rerum mollitia. Dolores eveniet ut quidem odio eum. Voluptatum non iure enim omnis.', '2014-01-08 22:02:48'),
(2940, 482, 56, 'Laboriosam nostrum a molestiae aperiam ad quaerat doloribus. Iusto dolorum id totam modi animi dolorem aut.\n\nQui animi vel vel blanditiis aut quia ipsam. Excepturi non sint aut ipsa. Enim quo sint aut aut.', '2008-02-29 15:12:50'),
(2941, 482, 64, 'Veniam rerum et perferendis ipsum laudantium. Voluptatem et voluptatem sequi quas perferendis rerum odio. Placeat reiciendis distinctio aut.\n\nIste deleniti ratione cupiditate alias quasi culpa iste. Doloribus distinctio eveniet dolor iste repellendus natus quia odio. Vero incidunt commodi magnam quis libero est.', '2015-04-03 16:26:46'),
(2942, 483, 56, 'Provident laboriosam qui consequatur repellat est perspiciatis et. Necessitatibus dolorem amet a cumque repellat architecto. Neque ut ut voluptatem veritatis quas maxime officia dicta. Quia error dolores non sit error itaque asperiores blanditiis. Quibusdam nisi sunt aliquam pariatur libero.\n\nIusto facilis recusandae consequuntur nobis sequi natus. Ut et et inventore sit id corporis. Enim nemo dolorem ut nesciunt. Quasi voluptate corrupti consequuntur nam quod velit.', '2004-01-06 00:17:40'),
(2943, 483, 64, 'Fugit ipsam voluptas fuga ut consequatur. Optio nobis similique voluptatibus aliquid assumenda. Culpa fuga ea rerum officiis debitis sed omnis omnis. Nobis ut perspiciatis minus ducimus ab doloribus ullam. Assumenda ipsum error temporibus mollitia ea.\n\nNon velit vel est exercitationem rem aut ipsam. Autem perspiciatis aspernatur suscipit pariatur. Consequuntur harum sed quos. Atque consequuntur laboriosam alias harum placeat aliquam odit hic.', '2017-09-14 16:51:19'),
(2944, 483, 63, 'Et rerum itaque dolorum natus. Iste maxime qui veniam culpa laudantium exercitationem doloribus voluptatibus. Laboriosam et autem quia dolor occaecati.\n\nSunt praesentium harum aliquid neque dolorum ut. Qui neque ea quia earum et facere autem.', '2014-05-17 07:26:46'),
(2945, 483, 65, 'Id esse ducimus molestias sed. Sint sint iusto sunt ipsam rem itaque. Enim enim et sit voluptatem incidunt aliquam repudiandae ea.\n\nError similique sequi asperiores sed sint. Quo culpa eos delectus ad inventore. Similique eius non provident voluptatem. Dolor consequatur voluptates praesentium aperiam nesciunt ut ratione fugit.', '2020-04-14 23:08:40'),
(2946, 483, 63, 'Aut sint aut voluptatem suscipit et ea. Ut voluptatem qui alias velit. Ad atque exercitationem voluptates enim.\n\nVel nobis eligendi dicta et esse quia. Iusto vel debitis ratione delectus recusandae commodi. Saepe aut sed perferendis rerum quae cupiditate est totam.', '1996-07-25 03:56:57'),
(2947, 483, 56, 'In dolorum aut eaque soluta voluptas tempora laudantium. Ut quis quod dolore quae. Sint consequatur nesciunt error praesentium illo.\n\nRatione sapiente voluptatibus voluptate est. Et culpa ut nobis illum minima est. Quo magnam vero odit eius.', '2005-09-04 07:08:53'),
(2948, 483, 57, 'Impedit fugit et dignissimos. Qui aspernatur ab rem distinctio earum eaque aut. Qui voluptas esse distinctio exercitationem.\n\nFacere nihil magni eum alias sed. Consequatur id quaerat occaecati. Nulla mollitia ut dolorem quo ullam aliquid animi.', '2013-06-14 02:51:24'),
(2949, 483, 56, 'Non esse ea rem nulla excepturi. Magni alias animi sed sequi eveniet nemo.\n\nVoluptatem rem deserunt ducimus voluptatem illum neque in ipsam. Ipsa doloremque quis impedit enim consequatur consectetur nisi consectetur. Tenetur cumque voluptatem omnis praesentium ipsa exercitationem dolores animi.', '2010-01-25 09:03:52'),
(2950, 483, 60, 'Voluptas unde unde aut aut quo placeat. Tenetur a quia adipisci quo. Aut quas suscipit dicta necessitatibus voluptas vero.\n\nCorrupti ullam odio sunt deserunt maxime rem. Aliquam quis eveniet ut numquam et. Ut adipisci accusantium facilis nihil iure id error. Architecto id qui minus ea dolores eos consectetur fugiat. Eum aut quod labore suscipit saepe est.', '2003-02-12 14:11:11'),
(2951, 483, 57, 'Eum neque dolor sit. Fuga quod et consequatur. Ut ea fugiat officia enim in dicta et.\n\nEaque atque nam maiores fugit rerum sunt doloribus. Porro sunt odit sed delectus soluta qui pariatur. Consequatur voluptas asperiores libero suscipit.', '2008-03-22 09:34:41'),
(2952, 484, 58, 'Sequi sed magni corrupti ipsam. Expedita corrupti provident libero animi consequatur aperiam. Inventore in porro labore qui et provident. Velit et veniam voluptates sit.\n\nVoluptatem est esse perspiciatis vel. Rem odio eum nostrum vel beatae qui eius. Sint ut est voluptas quia dolorem excepturi. Nam recusandae in quod consequuntur doloremque. Et assumenda iure odio incidunt neque commodi reprehenderit.', '2008-07-09 18:52:09'),
(2953, 484, 56, 'Cumque ut facilis perspiciatis officia. Saepe quia illo saepe suscipit occaecati voluptate. Voluptatibus quasi quaerat voluptas ipsa quasi ex assumenda et. Quos omnis autem nam sint voluptas.\n\nId dolor optio ipsam cupiditate aliquam optio. Error non et nihil rerum rerum nobis. Aut aut at labore et quia et eveniet.', '2004-08-24 22:58:24'),
(2954, 484, 64, 'Quaerat consequatur sed voluptatem atque id consectetur. Aliquid ea incidunt cupiditate ut aut quis. Sed sed asperiores delectus dolores praesentium. Consectetur velit eum atque culpa at consectetur quisquam asperiores. Velit iste voluptatem consequatur error.\n\nAtque natus ipsum laborum. Voluptatem natus ullam corrupti. Velit aut et repudiandae est fugiat repellat eum. Eveniet et possimus dolor ducimus doloremque vitae et. Maiores possimus itaque et excepturi.', '1998-06-25 03:50:04'),
(2955, 484, 62, 'Accusamus in perspiciatis reiciendis. Architecto consequatur illum sit doloribus. Odio modi dolores dolorem incidunt omnis. Eius doloremque sunt non.\n\nOdio a doloremque ipsum sed at. Et fugit fugiat aliquam aspernatur. Ea incidunt sit animi perspiciatis. Et enim qui molestias numquam nisi amet iure voluptas.', '2013-12-22 10:31:15'),
(2956, 484, 64, 'Labore sunt debitis voluptate in a. Vero ipsum dolorem dignissimos ipsam est.\n\nEum dolores magnam enim quia quibusdam et impedit. Molestiae adipisci quod cupiditate perspiciatis aut ut. Magni ullam veritatis animi nulla quia voluptatem accusamus ratione.', '2009-03-27 07:06:32'),
(2957, 485, 62, 'Suscipit architecto dolor ducimus voluptatem amet id suscipit sunt. Doloremque voluptas aut quaerat maiores voluptas fuga illo et. Quos et omnis blanditiis nostrum nobis. Voluptatem corporis veritatis ea dolores qui odio.\n\nNisi nihil excepturi eos harum. Non recusandae optio rem maiores aliquid quam velit. Et repellat voluptatibus ut sit.', '2021-01-15 10:38:32'),
(2958, 485, 59, 'Aut magnam vitae ullam sit quo est. Voluptate debitis optio nulla rerum. Assumenda fugiat inventore harum suscipit occaecati. Iure nihil exercitationem mollitia earum aut eius et.\n\nTempore soluta ut eveniet id. Quis sit accusantium laudantium. Error consequatur commodi consequuntur qui. Veritatis placeat dolor fugit voluptatum.', '2018-06-30 06:15:06'),
(2959, 485, 60, 'Neque nobis temporibus odio et culpa quia quo. Maxime mollitia minima dolores necessitatibus vero mollitia totam. Cupiditate facilis dolorum totam et sint expedita corporis. Vero totam error id dolore animi quidem.\n\nDignissimos voluptate et rerum veritatis velit atque vero. Facere vitae et omnis aut iste. Labore eum voluptatem voluptatem et dolorem odio impedit.', '1998-06-30 19:44:24'),
(2960, 485, 65, 'Quidem laudantium sint dicta voluptatem sit quia. Praesentium dolores possimus tempore sint ab aperiam. Dolore similique aut delectus voluptas. Officia commodi aspernatur incidunt corrupti qui laudantium.\n\nVero cupiditate nam distinctio consequuntur. Sapiente rerum voluptatem ipsa facilis est. Beatae fugiat natus aperiam id.', '2011-04-03 05:12:20'),
(2961, 485, 61, 'Ad eos dicta quod ea sit. Eaque sit possimus omnis voluptates error quibusdam nulla. Perferendis voluptatibus aut tenetur eum recusandae quam aut. Quaerat aut alias commodi qui voluptatem amet.\n\nQuisquam et architecto sit eum quo omnis. Et laboriosam quisquam ipsam est. Enim maiores est quisquam rerum eveniet occaecati.', '2011-07-30 23:47:58'),
(2962, 485, 60, 'Molestiae ut placeat quia incidunt similique. Qui labore placeat adipisci aspernatur consequatur earum et. Iure modi voluptatum sapiente quis debitis.\n\nQuis consequatur cupiditate quo enim ipsa. Et doloremque qui culpa non facilis blanditiis. Rerum ratione dolores necessitatibus ut reiciendis deserunt deleniti. Optio est suscipit dolorum labore perspiciatis ipsum dolor. Sunt id voluptatem enim rem eveniet harum rerum.', '2020-01-27 18:53:01'),
(2963, 485, 64, 'Necessitatibus vel provident sunt sunt provident tenetur. Omnis nihil a aliquid eaque amet temporibus odit qui. Blanditiis qui inventore molestiae.\n\nQuo molestias non voluptatem qui voluptatem consequatur alias. Modi eius molestiae veniam quia. Qui culpa ea eligendi voluptas dolor perferendis. Fuga sed tempora ipsum ut expedita natus unde.', '2008-01-18 00:13:35'),
(2964, 485, 65, 'Aut ex ipsam ducimus quam. Consequatur sit animi omnis voluptatem corporis iure quis. Et quas praesentium sed et corrupti omnis quod.\n\nAb velit aut accusantium maxime assumenda aut sit. Magnam culpa est culpa vel itaque ut id. Molestiae consequatur eaque non sed ea facere delectus et.', '2008-07-23 11:45:40'),
(2965, 485, 61, 'Magni eius minus vitae ea esse et quisquam fuga. Eos autem iusto placeat aut fuga impedit vero. Reiciendis et et alias quo aut quia mollitia. Ratione voluptas fugiat voluptate eum sint vero quia. Aspernatur quisquam iste natus id.\n\nNatus velit harum delectus pariatur quia delectus. Ut nobis eius sit optio sint. Consequuntur porro quod consequuntur.', '2010-10-20 20:33:04'),
(2966, 485, 57, 'In facilis laudantium culpa aut commodi. Possimus laboriosam dolores recusandae ad aut. Ut hic eius ut quam.\n\nTempore sed recusandae quidem animi praesentium. Dignissimos et laboriosam quam dolorem et a quo voluptatibus.', '1998-11-12 02:06:41'),
(2967, 485, 60, 'Culpa id qui placeat omnis assumenda. Similique ipsam labore labore deserunt ex asperiores. Minima et repudiandae maxime perferendis.\n\nEx ut assumenda est sapiente. Molestiae facilis voluptate consequatur veritatis omnis. Deleniti nobis qui suscipit est possimus. Corporis reiciendis nobis est architecto praesentium magni.', '2004-08-17 16:06:57'),
(2968, 486, 57, 'Eligendi quis enim quas nam nisi et. Consequuntur rerum inventore sunt aut nihil expedita. Enim temporibus et eos natus dolore eum. Sed consequatur eligendi animi voluptas odio.\n\nVoluptas consectetur dignissimos tempore aperiam voluptate. Architecto dolore dolores magnam et.', '2007-10-15 18:18:17'),
(2969, 486, 64, 'Eveniet eveniet quam delectus veritatis consequatur quae voluptatibus. Sit fuga neque expedita ipsa deserunt in.\n\nOdio est dicta consequatur facere quam. Modi sit deserunt quo omnis facere. Quia officia at ipsa sapiente iure. Iste soluta velit molestiae eos modi.', '1993-09-01 16:23:01'),
(2970, 486, 60, 'Et fugiat non est expedita iusto. Architecto ad beatae qui quaerat est porro. Odit dolores qui perspiciatis sapiente neque quisquam et.\n\nTempora repudiandae velit enim harum dignissimos ab. Molestias quia reprehenderit voluptatem animi qui optio. Voluptatem illo nobis est aspernatur.', '1992-02-26 23:06:24'),
(2971, 486, 57, 'Veniam repellendus velit necessitatibus voluptas quisquam rerum. Numquam ut soluta ut perferendis asperiores iure. Quam consequatur sed nesciunt mollitia quam.\n\nRepellendus qui consequatur dignissimos provident. Id veritatis rem et velit. Eligendi dolores vel qui quia voluptatem aliquam.', '2018-03-20 19:22:59'),
(2972, 487, 65, 'Accusantium dolores recusandae sed suscipit eligendi dolorum. Non earum non distinctio et quia amet. Ipsam nostrum delectus culpa qui molestias blanditiis. Aut doloribus doloremque non et.\n\nSint molestias quis ut a perspiciatis numquam cumque. Doloribus sed ipsa molestiae est blanditiis adipisci. Placeat recusandae rerum ea illo quod qui. Dolorem dolor animi et blanditiis quidem.', '2014-11-04 18:47:22'),
(2973, 487, 62, 'Magnam dolore ex molestias quidem qui. Illum explicabo quos reiciendis et facilis. Cum quis voluptatem et enim. Autem minus maiores voluptatibus natus.\n\nLaboriosam molestiae quis commodi et eius eaque fugiat. Assumenda eum consequatur officia quaerat voluptas atque et est. Et ut quia reiciendis consequuntur sint laboriosam.', '1997-04-19 01:27:21'),
(2974, 487, 56, 'Temporibus rerum quia distinctio enim dignissimos consequatur. Eos ipsam excepturi voluptatem vel vero est repellat. Sit molestiae laudantium provident voluptas dignissimos error voluptatem.\n\nEarum soluta odit consectetur quod eligendi et enim. Aut dignissimos voluptate at excepturi. Nemo molestiae facere molestiae tempore rerum vel fuga voluptate. In delectus adipisci odit ad in esse.', '1995-05-10 09:19:09'),
(2975, 487, 58, 'Deleniti ut consequatur expedita. Iste dolor facilis ut cupiditate ut. Velit deleniti cupiditate ex molestiae sunt vel quos.\n\nOmnis vero dolor ratione harum earum omnis autem. Voluptas ex doloribus nihil exercitationem cupiditate pariatur ullam libero. Ut delectus voluptas rerum cumque consequatur dolorem deserunt.', '2008-09-07 12:36:22'),
(2976, 487, 65, 'Et aut nemo dolore possimus voluptas cumque asperiores. Tenetur aperiam iste et eius labore exercitationem. Ab architecto laudantium consectetur accusamus voluptates.\n\nEst est dolorum tempore beatae cumque. Et error nulla accusamus quia non.', '1999-01-28 06:44:56'),
(2977, 487, 57, 'Voluptas corporis illum ut et perferendis omnis nesciunt. Est optio porro sequi ut vel laborum. Non necessitatibus sunt incidunt beatae voluptatem eum. Labore iste dolores nihil aut.\n\nRepellendus quo ea dolorem. Veritatis aut maxime ut repellendus.', '1992-07-05 11:14:52'),
(2978, 487, 57, 'Commodi rerum quia odit similique illum ut. Sed recusandae rerum ad qui dolores eligendi temporibus voluptates. Similique id nesciunt explicabo. Numquam id quibusdam sed ipsum nisi occaecati.\n\nRepellat debitis facilis sapiente esse accusantium. Consequuntur qui qui ad unde velit.', '2019-01-13 17:25:02'),
(2979, 488, 56, 'Maiores aliquid voluptas qui quod mollitia. Hic doloribus in quaerat eius facilis dolor vitae non. Atque doloribus quia quia quos quis voluptate.\n\nSit impedit placeat magnam velit eum. Et praesentium hic in earum neque.', '2004-11-05 15:32:26'),
(2980, 488, 60, 'Et sint ipsa dolorem dolorem dolores. Est et labore earum quidem assumenda ut non maiores. Voluptas et rerum quasi quo.\n\nDebitis odio et aspernatur ab enim sit. Amet vel et error velit harum. Fugiat accusamus incidunt adipisci voluptate ut. Provident accusantium consequatur eaque autem recusandae iure.', '1992-05-14 18:23:12'),
(2981, 488, 56, 'Inventore voluptatum voluptatem hic eum sit similique. Delectus aut rerum labore. At dolores cumque et earum quia optio dignissimos.\n\nUt omnis earum mollitia ratione laudantium. Beatae nihil et qui illum. Ipsam dolores nobis fugit dolorem. Numquam architecto beatae voluptates error ut et. Ut ex eum sit ut.', '2010-08-30 19:59:02'),
(2982, 488, 61, 'Est debitis quisquam harum qui. Voluptas voluptas exercitationem consectetur minima. Ut atque est eum quis.\n\nAssumenda qui eveniet quia ullam sapiente id. Eum repudiandae perferendis harum enim. Id veritatis eos quaerat neque autem quibusdam consequatur. Ut consequatur explicabo et quas voluptatem.', '2010-09-12 23:15:27'),
(2983, 488, 59, 'Reprehenderit doloribus aut quo tempore optio. Quaerat quae fuga veniam quia consequuntur. Voluptas facilis deserunt voluptatem veritatis eum. Ut vero voluptas cum laboriosam consequatur voluptatem.\n\nExpedita quam repudiandae nobis laboriosam et fugiat et. Atque asperiores quasi consequatur voluptatibus.', '1999-10-11 10:10:17'),
(2984, 488, 60, 'Rerum ullam velit veniam beatae aut. Omnis omnis hic fugit. Et quaerat repudiandae inventore laborum ullam soluta necessitatibus. Dicta animi ducimus neque velit. Voluptate fugit ea nesciunt similique non nobis.\n\nBeatae blanditiis et veritatis quae reprehenderit. Culpa odit nam velit maiores et ut et. Totam sint corporis nisi ullam enim exercitationem dolorum. Dolorum ea fuga cumque occaecati magnam fugiat nisi.', '2004-09-21 18:49:27'),
(2985, 488, 56, 'Nihil pariatur assumenda ipsa commodi. Et minima laudantium sit labore inventore velit. In non qui fugiat beatae et.\n\nSequi repudiandae ullam eos occaecati fugit voluptatem. Incidunt dolorum sit placeat molestias sint incidunt maxime eum. Excepturi sed laudantium quia non illo quia enim. Et ea est et qui sunt laborum explicabo.', '2007-05-22 13:24:33'),
(2986, 488, 64, 'Id in tempore tempore qui autem. Et harum quo et dolorum quia voluptatem aliquid. Autem aut voluptas animi veniam quisquam quod. Illum ex rerum quam nostrum enim neque ipsa.\n\nReprehenderit expedita saepe similique earum voluptatibus aut. Nulla quia unde vel aliquid. Eos quidem molestiae facere veniam et et ipsum.', '2000-11-06 00:53:06'),
(2987, 488, 64, 'Et atque blanditiis laborum debitis eius quod dolor. Ratione cumque corporis sapiente nesciunt non. Excepturi sed veniam placeat animi perspiciatis et sit.\n\nAd nisi quo nam velit repellat modi. Expedita voluptatibus rerum sint molestiae. Consectetur molestiae nisi autem consectetur et eveniet facere. Et harum voluptatum voluptatum ut et sed sequi qui.', '2020-12-09 04:54:26'),
(2988, 488, 58, 'Qui vitae sint praesentium et sed. In et nemo vel eaque et natus nesciunt deserunt.\n\nIste et quidem doloremque inventore non. Labore reiciendis dolor optio qui voluptas alias. Sed est autem explicabo. Qui consequatur doloribus minus qui. Delectus ea totam non unde.', '1996-03-12 13:05:48'),
(2989, 489, 63, 'Exercitationem officiis corporis et voluptates iusto nemo ducimus assumenda. Deserunt voluptatum sit minima at velit aut architecto culpa. Nam illo rem et. Quia hic odit nihil dolorem fuga.\n\nCum ut optio quo eum. Quia explicabo et veritatis vel. Iure itaque facere voluptas et officia suscipit. Necessitatibus architecto aliquam ut molestiae alias deleniti.', '2019-02-03 07:43:42'),
(2990, 489, 65, 'Qui itaque cupiditate saepe sed non. Dolorem id sapiente et voluptas. A quia aspernatur nisi doloremque.\n\nSint similique quam veritatis qui. Modi ex quia voluptatibus accusamus est velit. Aliquid et aperiam reprehenderit fuga aut.', '2007-08-21 15:31:35'),
(2991, 489, 61, 'Minima molestiae ut placeat dolorum molestias tenetur iste. Ipsum iste vel sint laboriosam fuga non. Non asperiores nemo animi ut est. Distinctio non est quia consequuntur fuga ut.\n\nEius dolores error qui consequuntur et deserunt. Animi magnam sit ducimus voluptatum nulla.', '1993-01-27 12:53:02'),
(2992, 489, 57, 'Nostrum quaerat nam exercitationem molestiae et cupiditate ut. Omnis autem natus cupiditate. Alias omnis eaque unde vero.\n\nNihil veritatis voluptas eos quo. Nihil quo consequatur necessitatibus fugit iste similique omnis. Exercitationem est iste ea voluptate qui et. Fuga voluptatem ut qui qui.', '1995-03-18 09:36:02'),
(2993, 489, 59, 'Et voluptatibus dolorem accusantium ipsam. Maiores nihil deleniti omnis necessitatibus aliquam optio laborum vel. Ut officiis qui ullam saepe. Amet dolore praesentium tempora numquam voluptates sit non velit. Dolorem aliquid praesentium vel distinctio consectetur illo.\n\nOdio atque inventore consectetur est quo rerum. Aliquam debitis fugiat consequuntur quo itaque reiciendis. Facere aut ex quibusdam explicabo quo rerum reprehenderit.', '2005-08-18 04:34:44'),
(2994, 490, 60, 'Veniam dolor esse rerum. Consequatur consequatur deserunt dolor voluptatum numquam consequatur. Nobis aut maiores magnam quis nihil et molestiae.\n\nQuia omnis iure eius quia fugiat qui ducimus. Voluptatem quo vel quo delectus facilis. Sapiente eos sit repellat ipsam blanditiis.', '2003-10-10 07:39:33'),
(2995, 490, 64, 'Neque animi et ut rem exercitationem iure eligendi. Nostrum sit sint tempora distinctio. Aut voluptatem ipsum voluptatem aut autem. Eos aut ipsam et omnis.\n\nVoluptatibus veniam dolores sint error. Corporis quod nesciunt nostrum qui neque culpa. Harum libero autem sint. Quos vero numquam et et.', '1995-07-21 06:27:05'),
(2996, 490, 59, 'Libero dolorem repellendus labore magnam. Dolorum tempore dolore facilis est qui rem dolor. Expedita expedita et consectetur a eveniet quod.\n\nFacere voluptatem ducimus perspiciatis illo similique ipsam esse. Esse dicta molestiae minima praesentium.', '1995-01-21 03:42:47'),
(2997, 490, 65, 'Soluta facilis id cupiditate quae eos reiciendis. Qui quam quos totam ex praesentium. Officia impedit aspernatur impedit aut nulla modi. Sit et nihil enim magnam soluta.\n\nIpsum voluptatem sit excepturi non quo quis eveniet fugiat. Corrupti praesentium quod ut sed.', '2016-10-14 03:19:02'),
(2998, 490, 56, 'Quo harum totam sapiente officiis ducimus sed commodi. Est et est sed quos magnam. Accusamus est molestiae vel dolor aut placeat. Est voluptatum consequatur a perspiciatis aut non.\n\nNihil voluptate perspiciatis blanditiis quis. Suscipit omnis eveniet et neque enim nobis expedita.', '1994-07-09 18:27:18'),
(2999, 490, 58, 'Est iure eos optio qui perferendis. Quam veritatis molestias ut quis maiores atque dolorum. Molestias ratione est quia similique molestiae ex veritatis.\n\nAt quasi exercitationem non. Maiores praesentium et atque et magni. Harum earum sit aut est sapiente.', '1992-07-09 07:28:15'),
(3000, 491, 57, 'Minima sed dicta et dolorem doloribus et. Harum quo necessitatibus sit aliquid ab. Ea aut tenetur dolore eaque rem quidem.\n\nTempora asperiores ea praesentium quod aliquam natus aspernatur. Alias tempore culpa dolorem debitis aliquam illo. Ducimus consequatur nesciunt qui necessitatibus aspernatur iusto. Maxime enim eum sunt aut.', '1998-12-25 14:08:13'),
(3001, 491, 62, 'Velit voluptatem dolores in dolores. Totam fuga mollitia non debitis quae labore vitae. Aspernatur at consequatur reprehenderit voluptatem.\n\nEos quia earum quod deserunt est ea. Tempora in autem voluptatem ut. Id voluptas ad nihil aliquam.', '2020-11-01 06:48:16'),
(3002, 491, 59, 'Rem sed tempora placeat laboriosam voluptatem impedit. Commodi saepe dolore aliquam consequatur. Perferendis non maiores voluptate. Id non quia voluptate voluptas vel iusto labore.\n\nMolestiae aliquid fugiat quia exercitationem voluptatibus qui. Enim quaerat eum sit veritatis dicta rem. Sed quia facere qui sit nisi ut magni. At fuga autem corporis enim laborum animi.', '2019-06-12 03:28:08'),
(3003, 491, 64, 'Harum blanditiis fugit autem est doloribus amet. Et at neque et commodi magnam cumque nemo. At non fugit repudiandae voluptatem totam ullam pariatur. Ex nulla praesentium laborum fugiat voluptas consequatur quidem. Rerum sit et harum numquam nihil aspernatur.\n\nVitae debitis eos explicabo blanditiis est et libero reprehenderit. Cum molestiae quas possimus voluptatem minus. Dolor pariatur temporibus in praesentium doloribus. Neque et et rerum id.', '2007-07-01 22:08:21'),
(3004, 492, 58, 'Non ex ipsum molestiae nostrum. Sed itaque maiores et dolor.\n\nLaudantium error ea consequatur temporibus eos sapiente. Blanditiis qui consequatur sit quis. Expedita voluptas vel dicta nam nostrum. Necessitatibus accusamus sint sapiente perferendis nesciunt ab a officiis.', '2018-09-18 16:01:21'),
(3005, 492, 57, 'Adipisci non sapiente beatae. Nihil reprehenderit corrupti vel corrupti cum deserunt similique. Exercitationem labore aut facere enim est deleniti autem. Dolor dolor necessitatibus ut quidem.\n\nUnde dolorem numquam voluptas. Qui officiis corrupti molestias enim rerum aut quia. Molestias quia enim quia amet. Quia aut odio nobis nam reprehenderit.', '2007-11-18 14:23:43'),
(3006, 492, 58, 'Distinctio commodi atque asperiores nobis. Distinctio unde odio ea voluptatum enim pariatur consequatur. Expedita suscipit rerum et sed. Adipisci minus voluptatibus laboriosam distinctio quibusdam eum placeat esse.\n\nSunt rerum quia commodi et corporis ducimus. Nesciunt ex dolorem possimus rerum sequi consectetur. Quia non magnam ut.', '1997-03-26 14:35:44');
INSERT INTO `comment` (`id`, `car_id`, `users_id`, `body`, `date`) VALUES
(3007, 492, 62, 'Molestiae qui reiciendis consequuntur ea totam sit. Quis sed aut rerum commodi.\n\nVel a reiciendis et assumenda. Asperiores nihil qui similique rerum voluptas. Qui qui illum quod voluptates. Enim expedita repudiandae deleniti quae soluta et ex vitae.', '2003-07-27 02:42:06'),
(3008, 492, 60, 'Vitae facere molestiae et quis maxime. Ut tempora deserunt quae commodi et. Tempora quibusdam voluptatibus aut. Expedita maxime quod iure facere sit error ex.\n\nPossimus ab et est quis est est amet dolorum. Voluptatibus voluptatem commodi et esse sunt at. Iste aut et non enim.', '2019-06-27 20:44:56'),
(3009, 492, 64, 'Non fugit enim mollitia est reiciendis odio molestiae dolores. Dignissimos tempora atque aut magnam ipsum esse. Nam unde nostrum vero nisi assumenda. Accusamus aut at eum qui modi repellendus.\n\nSoluta iure labore cum autem exercitationem sint repellendus. Dignissimos rerum eius dolor aut dolores veritatis qui ut. Dicta voluptatem dolorem incidunt.', '1996-10-03 01:58:20'),
(3010, 492, 59, 'Eum sit porro rem ratione. Quia dignissimos ea aut ut aut. Quidem minus distinctio nisi hic reprehenderit deleniti et.\n\nVel et dolor libero eaque voluptas consequatur soluta. Nemo non eum molestiae at quia impedit sit maxime. Numquam accusantium vel tempora tempore neque quia.', '1995-01-31 11:41:13'),
(3011, 492, 62, 'Ab dolorem neque non officia a commodi ratione. Atque architecto atque voluptatem veniam eos numquam neque tempora. Officia modi omnis quis adipisci. Libero expedita ab aut iure qui minus quod sunt.\n\nOptio maiores rem sed voluptas. Commodi totam ducimus eius similique qui. Voluptatem deserunt beatae et.', '2012-02-26 00:26:34'),
(3012, 492, 59, 'Ducimus quisquam quod mollitia nesciunt vel. Similique et saepe consequatur nobis. Et quae dolorem quos adipisci perferendis.\n\nVoluptatem distinctio rerum doloribus praesentium corrupti aut et dicta. Nulla facilis voluptatibus quaerat sapiente fugiat. Eum alias enim repellendus hic eos sit aut. Est quis et facilis iste ut.', '2018-01-26 02:13:44'),
(3013, 492, 59, 'Ut nihil nam consectetur quia quibusdam id ea reiciendis. Et ab est eum repellat. Et eius sint ut quos eum.\n\nSint quia quia dolor et voluptatem. Amet fugit dignissimos labore ea laudantium. Voluptates maiores neque tempora veniam velit cupiditate. Optio voluptas delectus animi repellendus fugit. Odio tenetur et repellat magni cupiditate.', '2016-04-01 18:40:41'),
(3014, 493, 65, 'Minus et accusamus omnis eius. Id ut quibusdam minus ab delectus voluptatum. Non aperiam non ullam fugiat. Eum nostrum nostrum ratione inventore omnis possimus ea.\n\nIpsam incidunt dolor veniam voluptas soluta. Et amet cum alias corrupti. Eos minus perspiciatis maiores. Ea omnis unde neque ut magni.', '1994-04-04 13:07:00'),
(3015, 493, 56, 'Cum repudiandae unde iste rerum recusandae ut fuga. Est cupiditate quia ipsam neque. Eligendi sint expedita ab velit sed facilis ea. Ea repellat voluptatum est dignissimos aperiam.\n\nSint quasi ad quo deleniti deleniti at commodi. Provident fugiat ab et ex eligendi. Sit alias enim quidem quam voluptates magni magni aut. Impedit doloremque saepe tenetur consequatur. Fuga corrupti necessitatibus qui iure adipisci.', '2003-09-13 17:59:09'),
(3016, 493, 64, 'Natus libero esse aut magni earum. Quia nisi voluptates quos a eligendi. Et neque et blanditiis vitae cumque exercitationem. Magnam quod dolor odio voluptates consequuntur beatae nisi.\n\nVoluptatem voluptatem id quo quae. Natus autem explicabo voluptatum explicabo. Est consectetur ipsa eligendi aut debitis expedita.', '1998-08-02 07:35:09'),
(3017, 493, 63, 'Et et assumenda minima expedita ut dolorum deserunt. Reprehenderit non blanditiis a voluptatem. Eius velit nobis ullam eligendi facilis veniam similique.\n\nIllum consequatur exercitationem et. Doloremque dolor praesentium iusto dolores. Rem accusantium quam quam nisi.', '2003-03-12 06:44:06'),
(3018, 493, 65, 'Ducimus animi distinctio incidunt aperiam. Sapiente quia id id vero. Et sed et esse omnis. Voluptatem et qui vero aspernatur quia.\n\nPerferendis illo et fugit quos. Dolores libero fugit excepturi minima ratione dolorem debitis. Provident possimus ab ut quam qui eius.', '2011-02-12 10:51:49'),
(3019, 493, 64, 'Dolore in ipsum qui autem rerum quos accusantium. Illo saepe est aliquid non. Labore quidem rem autem rerum voluptatem vel itaque.\n\nOptio eum architecto fugit enim aut sit. Delectus officiis ut ut dolores. A eum aut et totam. Illum asperiores accusamus numquam. Veniam delectus aut consequatur quod facilis minus.', '2000-03-12 01:39:09'),
(3020, 494, 62, 'Non quos placeat provident natus. In non doloribus et quo. Debitis exercitationem animi et.\n\nBeatae aperiam magni quos quo qui veritatis est ipsam. Blanditiis harum et numquam deserunt ut dolorem. Soluta totam excepturi culpa vero possimus. Id natus sunt eveniet sint nihil.', '2019-07-22 07:18:25'),
(3021, 494, 63, 'Vero aliquam quos sed aspernatur officiis. Aut deleniti deserunt ut eum. Quasi perspiciatis sunt asperiores ut at enim. Explicabo minus et sit commodi aut ut ut. Aut et aut qui porro.\n\nOmnis ab repellat omnis esse aliquam sapiente. Nostrum voluptatibus molestiae quas consequuntur tenetur. Quae quod deserunt qui aut repellendus eligendi eum.', '2000-06-13 19:28:28'),
(3022, 494, 64, 'Nulla adipisci non fugit non consectetur autem. Repellendus quaerat in eos et nostrum mollitia.\n\nEveniet consectetur dicta excepturi. Eum sed odio voluptatum. Eius velit sit magni quo error rem. Eos quam esse voluptas qui ea distinctio recusandae. Asperiores porro officia ut sit in odio.', '2015-11-03 10:24:20'),
(3023, 495, 62, 'Rerum ut esse iusto quis vel perferendis maiores. Suscipit non itaque nesciunt. Dolorem et est esse dolores rerum omnis ea beatae. Pariatur quibusdam dolorem sint id tenetur eos veritatis.\n\nUt veritatis repellat iusto dolorem. Iusto natus qui id et numquam. Quia quia voluptas tempora culpa voluptatum. Laboriosam quas ut perspiciatis dolore rerum eius et.', '1994-06-10 12:39:19'),
(3024, 495, 56, 'In harum quod fugiat fuga. Corporis placeat distinctio maxime vel omnis ex dolor. Porro itaque nemo unde soluta.\n\nNon omnis et nostrum fugit illum est. Unde nihil est placeat laborum dolores id sunt. Cupiditate iure ut consequatur. Dolores quos voluptas dignissimos ab exercitationem.', '2012-08-12 22:51:49'),
(3025, 495, 65, 'Ut non occaecati quis illum voluptatem. Tenetur explicabo molestias et dolor animi. Id et ea reprehenderit aut dolores vitae. Est quidem aut perspiciatis porro.\n\nHarum vel suscipit deleniti sint quis. Reiciendis esse ut aut sapiente. Et iure quo nesciunt.', '2016-04-19 14:44:26'),
(3026, 495, 58, 'Sunt voluptatibus necessitatibus tempora voluptas. Quos impedit deserunt fugit.\n\nEa iste fuga nisi est laudantium eum ex consequatur. Assumenda autem adipisci impedit et et vel et. Cum esse rerum quibusdam voluptatem et. Voluptas temporibus nam explicabo sed optio enim praesentium.', '2000-05-16 18:43:17'),
(3027, 495, 59, 'Culpa iusto blanditiis qui ea. Amet sunt magni autem sit quos laudantium. Architecto quisquam debitis sequi eum. Est ut culpa non consequuntur magni eligendi deleniti.\n\nAt praesentium inventore magnam voluptas ea. Enim dignissimos aliquam mollitia est. Qui eum ipsa tenetur impedit.', '2001-05-02 02:47:17'),
(3028, 495, 64, 'Ducimus rerum et aut eum et voluptatem ut ut. Quo sapiente sequi veritatis incidunt quia qui. Sunt ullam consequatur voluptates.\n\nAdipisci suscipit cumque aut. A quisquam dignissimos voluptatibus laborum perferendis.', '2020-07-16 19:12:11'),
(3029, 496, 62, 'Aut voluptates molestiae et. Corrupti vero iste pariatur et error. Accusantium omnis sint molestias repudiandae est ut nostrum. Enim ut architecto dolor quas officia tenetur cumque.\n\nVitae tempore ipsam voluptas voluptatem culpa porro. Consequatur facere iure ullam aperiam molestiae. Laudantium nostrum laboriosam voluptatem doloribus aut omnis.', '2007-12-27 06:43:37'),
(3030, 496, 58, 'Vitae quis omnis architecto reprehenderit eius iusto. Et et quae consequatur cum fuga. Neque voluptatem maiores ea ad.\n\nQui molestiae dolorem aut ea. Et deserunt qui quaerat harum. Quia nulla perspiciatis ullam consectetur. Eligendi aliquid qui officia quasi pariatur nisi cupiditate.', '2003-02-11 21:50:06'),
(3031, 496, 58, 'Aut et quia dolorem debitis esse explicabo. Voluptas suscipit quas itaque autem. Facilis nobis est dolorem repudiandae nesciunt.\n\nOdit id doloremque eum incidunt. Sed ut voluptates soluta deleniti vel. Saepe eos libero amet ut. Ea aut veniam ullam voluptatem.', '2001-07-19 08:10:30'),
(3032, 496, 57, 'Quo ut repellendus adipisci architecto consequatur. Ex natus corporis ullam itaque. Asperiores id provident sunt rerum qui temporibus. Magni voluptates sequi necessitatibus id quos occaecati illo.\n\nSed laborum corrupti dignissimos est in facilis labore alias. Voluptatum voluptatibus accusamus fugit harum. Et labore et quis et fuga repudiandae tempore quasi. Veritatis fugit reprehenderit earum minus vitae.', '2006-05-18 16:01:15'),
(3033, 496, 60, 'Error in ut ut aut expedita doloremque corporis. Culpa ut quod impedit et. Sunt voluptatem saepe a dolorem accusantium. Repudiandae aliquid illum ut quia.\n\nLibero aut doloribus ut odit. Optio et nesciunt itaque soluta. Nisi quo doloremque quam error soluta nesciunt atque.', '1999-10-06 11:21:25'),
(3034, 496, 61, 'Mollitia fuga omnis mollitia autem architecto nostrum dolor. Ut dolor ratione voluptatem beatae quam quisquam ratione.\n\nVero nesciunt quidem rerum cum est voluptas doloribus. Voluptas architecto quia aut iure maiores iure iusto quis. Dignissimos atque rerum vitae voluptate. Dolores odit nihil consequuntur ducimus beatae libero ducimus.', '2015-04-01 00:29:43'),
(3035, 496, 63, 'Nam impedit sit recusandae et. Dolorum ut doloribus assumenda iusto.\n\nUt culpa recusandae id. Libero fugiat corporis dicta nemo. Assumenda voluptatem corrupti adipisci quisquam ab possimus. Molestias soluta id temporibus distinctio eveniet beatae.', '1992-03-15 18:56:05'),
(3036, 496, 65, 'Ipsum dolores ad nam alias sit voluptatum voluptatem. Hic eum vel dolores amet. Iure adipisci ad dignissimos officia consequuntur dolor vitae eum. Neque enim consequuntur ullam.\n\nSoluta fugiat velit consequatur iusto et quia. Voluptatum nihil quo voluptas rerum. Labore repudiandae nihil neque libero esse sint. Sit voluptatum illum harum dolor. Repellat autem neque rem pariatur.', '2004-04-16 21:26:42'),
(3037, 496, 57, 'Blanditiis ducimus quisquam magnam saepe qui suscipit. Sed ipsum nihil voluptatem dolorem. Illo quo reprehenderit consequatur aut nesciunt totam officiis suscipit. Magni exercitationem ducimus repellat voluptatem eius.\n\nIncidunt quos quia vel pariatur. Necessitatibus laborum consectetur accusantium consectetur ipsam enim delectus. Et sit impedit fuga illum.', '2014-03-06 20:33:42'),
(3038, 496, 60, 'Consequatur voluptatum esse cumque sunt. Veritatis voluptatem incidunt impedit saepe culpa. Vitae voluptate impedit occaecati atque dolor. Sed autem sint provident sit in dolores sit.\n\nQuia est quam dolorem voluptatem ut nostrum et. Maxime dolorem doloribus distinctio sit maxime expedita voluptate. Veritatis nam sint excepturi aut.', '2012-09-14 01:09:42'),
(3039, 496, 64, 'Mollitia cumque et quod cumque odit delectus non. Sit cupiditate veritatis accusantium id quos magni atque quia. Voluptas qui autem non itaque inventore quis eum.\n\nConsequatur et alias laudantium ipsum distinctio fugit quae. Ut sed repellendus deleniti odio et. Numquam dolorem aut sit suscipit nostrum dolores.', '1999-03-01 16:44:47'),
(3040, 497, 57, 'Nisi officia vel nihil ea assumenda. Enim delectus rem magnam ut dolorum.\n\nDignissimos ut beatae ut magni omnis aperiam. Dolores ut id molestiae qui quod repellat necessitatibus. Laudantium aut excepturi ad nihil. Perferendis voluptates voluptatem quis voluptate quis quo.', '2011-10-17 12:37:47'),
(3041, 497, 61, 'Et sint qui error vero modi quas harum. Voluptatum quo vel quos alias aperiam aut natus rerum. Et nam ipsa expedita. Soluta consequatur nulla impedit mollitia qui enim. Beatae architecto perspiciatis commodi voluptatem et.\n\nFugit sunt voluptatem nesciunt sed repudiandae in laudantium. Atque aperiam omnis accusamus earum facere fuga dolor eum. Fugiat qui tempora ea error officiis ut corporis debitis. Ex eius quod praesentium est vero molestiae voluptatem.', '2021-12-11 09:39:18'),
(3042, 497, 61, 'Possimus natus aut nemo laboriosam. Et atque molestiae nihil omnis odio hic in cupiditate. Atque iure officiis repudiandae sint ad. Ut a sint numquam et non harum similique.\n\nSequi soluta explicabo sequi possimus enim vero iure et. Quo similique deserunt id sint. Qui sapiente esse consequuntur. Totam quisquam cumque tempore est.', '2021-04-13 14:32:11'),
(3043, 497, 62, 'Aperiam aut consequatur repudiandae adipisci omnis odit. Non reiciendis corporis dolorum mollitia ut. Enim omnis dolor laborum. Et nobis asperiores laboriosam mollitia odit asperiores quia.\n\nSit nostrum autem vero modi fugiat reiciendis totam quo. Nobis quo voluptatibus possimus iure quam aliquam molestiae dolore. Architecto consectetur voluptatem nam ratione dignissimos. Error velit suscipit placeat et.', '2013-05-03 05:31:07'),
(3044, 497, 60, 'Laudantium consequatur facilis non aut quis. Labore voluptatibus ipsam necessitatibus tempore reprehenderit voluptatem voluptas. Vero qui et esse praesentium quia ad quam atque.\n\nNatus doloribus nobis magni odio autem nihil non. Amet incidunt laborum nihil reiciendis ut dicta eum. Ab harum corrupti error sit ipsam.', '2002-11-30 22:36:20'),
(3045, 497, 64, 'Qui quisquam esse iste saepe voluptas dolor. Aut quo fugiat officiis id aut.\n\nSit modi provident inventore eligendi eos. Consequatur et dicta sapiente nesciunt sit. Laboriosam debitis ut repellat sit aperiam fugiat molestias. Molestias assumenda aperiam nesciunt voluptatum recusandae iste sit.', '2009-10-07 06:39:01'),
(3046, 497, 64, 'Porro voluptatem laudantium quis. Fugit praesentium est sed tempora reprehenderit. Illo quo aut voluptatem pariatur autem.\n\nUt eos nihil eos et. Veritatis saepe dolores ratione accusantium voluptatem quos sed minima. Sunt et eius labore unde et saepe aperiam.', '2020-09-11 13:38:11'),
(3047, 497, 57, 'Expedita numquam ipsum eum. Labore voluptatem odio sit et rerum dolores. Modi atque quod ut laudantium et reprehenderit optio.\n\nVoluptatum aliquid incidunt et corporis similique consequuntur natus. Esse ut ut distinctio numquam. In tempora dolore aspernatur.', '2008-02-29 03:20:28'),
(3048, 497, 59, 'Enim in ullam assumenda qui dolor dolor ipsam. Tenetur ipsum quae totam quia modi voluptatibus temporibus ut. Nobis molestiae est aperiam tenetur.\n\nEt nemo repellendus incidunt ipsum quod. Consectetur eos reiciendis accusantium quo. Soluta dolores deserunt consequatur magnam assumenda.', '2012-11-21 12:45:36'),
(3049, 497, 58, 'Occaecati assumenda eos doloribus est. Quis vel quia id voluptatem autem dicta consequatur commodi. Sequi et aperiam eum et exercitationem. Qui vero est eveniet tenetur quod.\n\nAdipisci sint voluptatem eius. Nihil veritatis aut ut vero dolorum rerum aut qui. Animi aut aut id. Et voluptas et qui assumenda.', '2017-02-26 08:13:16'),
(3050, 498, 56, 'Eum numquam nobis sed dolore et laborum. Quaerat deserunt asperiores delectus ipsam consequuntur illum nostrum rerum. Consectetur rem quia dolor sed atque. Dolorem molestias nobis ipsum sequi ex eos voluptate. Omnis pariatur ut consequuntur animi.\n\nQui delectus rerum nobis iusto. Harum ea maiores eos inventore debitis dolorem necessitatibus. Sunt consequatur ut veniam nisi. Iusto animi ducimus dignissimos nesciunt est qui quae laboriosam.', '2015-02-15 15:20:26'),
(3051, 498, 61, 'Accusamus molestias quos assumenda occaecati autem rem. Vel vel et qui. Et fugit et sit. Officiis ut architecto quasi quia culpa eum veniam.\n\nSed quia eum sed et est quam ipsa. Voluptatem placeat quia delectus maiores ullam voluptate in. Doloremque officiis reiciendis quidem maxime id quia unde. Eum et blanditiis quia fugiat veniam similique.', '1995-02-26 23:57:39'),
(3052, 498, 61, 'Nulla est minima deleniti quae. Aliquid dignissimos non officiis laborum modi quaerat totam. Officiis est ipsa nostrum harum aut est expedita. Aut quisquam sapiente praesentium perspiciatis.\n\nCorrupti beatae est voluptatem beatae qui nobis. At atque et corporis voluptas. Voluptas ea adipisci tempore ut iure sit. Odit excepturi est voluptas corporis sint consequatur eveniet.', '2014-06-23 16:23:27'),
(3053, 498, 63, 'Excepturi veniam ad beatae dignissimos. Officia voluptatem nam voluptatem. Rem omnis enim qui ratione repudiandae. Magnam natus dicta molestiae deserunt.\n\nEt odio officiis qui aut perferendis. Delectus aspernatur id ipsam qui. Qui officiis nihil veritatis aut et id.', '1997-10-12 04:59:37'),
(3054, 499, 56, 'Deserunt necessitatibus soluta voluptatem in velit commodi. Recusandae ut nostrum unde eos atque. Et laudantium possimus dolorum id.\n\nDolore eligendi et omnis quo beatae. In autem ad iusto sit molestias.', '2003-09-20 04:06:01'),
(3055, 499, 63, 'Voluptatem distinctio corporis excepturi aperiam neque praesentium ab molestias. Labore doloremque quisquam aut animi dolores minima. Recusandae corporis animi laboriosam quos et eius. Saepe voluptatibus eveniet qui architecto.\n\nAtque optio nemo nemo harum qui. Repudiandae unde sed magnam est sequi eum esse cum. Error accusantium omnis nemo expedita dolorum iste corrupti.', '1997-02-18 22:55:53'),
(3056, 499, 57, 'Eos minima quae nesciunt vel sunt et voluptate. Recusandae earum molestiae nisi illum sunt et recusandae. A animi voluptatem eos voluptates nesciunt quia.\n\nCommodi unde minus odio quos tenetur suscipit accusantium reiciendis. Ut non enim sed aut ipsam deleniti quos dolorem. Iste ab vitae tempore odio alias. Libero ullam illum provident consequatur aperiam sed. Nostrum ipsa officia repellendus minima vero.', '2000-01-25 00:29:41'),
(3057, 499, 57, 'Fugit dolorem aut hic tenetur. Nam accusantium eos enim qui cum. Officiis voluptates et eos. Aliquam et delectus non ut occaecati. Quo aut quidem perferendis eligendi nulla quisquam.\n\nNon eius perferendis omnis et nemo sit voluptas. Quia molestiae asperiores et eos dicta voluptatem rem. Quo repellendus distinctio voluptatum vitae.', '2002-05-04 06:34:08'),
(3058, 499, 65, 'Quod sunt ut aut eveniet. Doloremque sit nostrum minus sunt aut quas. Ex laborum ab vitae incidunt.\n\nNatus aut sunt perferendis omnis sint animi. Vitae ex possimus debitis a. Fuga atque iusto quisquam hic sapiente exercitationem et.', '2006-09-30 01:28:55'),
(3059, 499, 60, 'Minus eveniet sequi odit ducimus necessitatibus. Quibusdam molestias ex est ut vero voluptatem accusamus. Praesentium minus illo fugit fuga laboriosam.\n\nExpedita quaerat autem incidunt quibusdam sed et. Sit mollitia voluptatem aut dolor. Odit quia voluptatem reprehenderit.', '1994-10-30 08:55:11'),
(3060, 499, 61, 'Sed nisi inventore rerum consequatur molestiae ut architecto. Voluptatum nobis quaerat nobis ut voluptatem. Iusto est illo voluptatum.\n\nEt commodi eum quis ipsa nihil qui. Nihil qui atque dolor quis nihil aliquid. Cumque eius illo ratione incidunt nam unde.', '2002-03-31 08:47:06'),
(3061, 500, 62, 'Deserunt deserunt atque nam aperiam maiores ullam hic aut. Error sunt voluptatum explicabo aut. Voluptatem delectus est doloremque et necessitatibus dolores.\n\nNisi ut dolorum consequatur consequatur ipsam veritatis. Beatae non consequatur earum enim inventore ex praesentium. Voluptatem aliquid officiis omnis alias.', '2003-12-05 04:30:12'),
(3062, 500, 61, 'Rerum tempora blanditiis dolores est error. Et aliquid provident ullam nobis dolor. Voluptas similique dicta nihil.\n\nOptio dolor qui quis velit tempora fuga molestiae. Vero quae quia exercitationem aspernatur quia nostrum in. Eveniet repellendus temporibus ullam et rerum qui nulla ut. Labore voluptas cumque quidem aut repudiandae quibusdam.', '2019-08-11 21:53:42'),
(3063, 500, 58, 'Qui voluptas itaque ut quis. Delectus et similique ad optio. Harum incidunt commodi in sed. Minima magni eius assumenda.\n\nVero dolor ut non ut. Deserunt reiciendis autem veritatis molestiae aut amet.', '1998-10-25 14:17:31'),
(3064, 500, 57, 'Laudantium ducimus voluptas sint doloribus doloribus iure earum quisquam. At molestias quia et illum ad assumenda. Omnis iste error qui eaque hic natus nisi amet. Sint quis velit facilis perspiciatis.\n\nEx vel est consectetur. Et rerum eius facere consequatur dolorum distinctio. Qui eligendi vero adipisci quam est ut cum. Laboriosam voluptas voluptatem quia voluptates.', '2006-08-14 11:46:59'),
(3065, 500, 64, 'Voluptas velit corrupti consequatur qui sit. Accusamus ea nostrum perspiciatis quia itaque. Aut voluptas unde animi consequatur adipisci. Ex iste in id vel enim.\n\nQuaerat voluptatibus ut similique voluptatem consequuntur iusto tempore. Voluptatem porro odio illo explicabo vitae quia maxime ut. Reiciendis minus facere consectetur ipsum. Accusantium ut illum reiciendis dolorum. Placeat delectus voluptatem omnis iste.', '1994-07-07 13:34:03'),
(3066, 500, 58, 'Omnis dolorum deserunt aut. Fugit dolore reiciendis dolorum nihil. Laborum iusto magni mollitia reprehenderit. Dicta at reprehenderit sed perspiciatis a necessitatibus necessitatibus.\n\nIusto dolores quibusdam illo commodi. Fugit eum sapiente ut eum rerum ex. Minus alias et facilis voluptatibus et iure.', '2002-09-24 14:57:32'),
(3067, 501, 60, 'Repellat ut quisquam nesciunt porro. Culpa consequatur ipsum aspernatur. Tempore et minima quaerat voluptatem ipsa provident blanditiis.\n\nRepellat aut repudiandae qui earum minima quidem odit. Ut consectetur enim aut et voluptatibus. Rem quam in dicta. Tempora nihil laborum autem magni. Assumenda atque maxime ut facere nesciunt ea libero.', '2015-01-22 23:19:52'),
(3068, 501, 56, 'Vel enim quaerat est quas vero. Eos ut doloribus et quam totam harum. Totam ducimus ullam ratione ut ut ut aut.\n\nAut voluptatum eos dolorum distinctio facilis asperiores. Ex earum quasi quia. Facilis dolores cum fugit.', '2009-01-03 23:03:20'),
(3069, 501, 62, 'Qui voluptas ut velit a assumenda neque fugiat eos. Et accusamus aut placeat officiis. Magnam iusto et similique magni libero. Praesentium eum distinctio fugiat est quisquam est.\n\nNon nihil optio pariatur magni sequi voluptatem. Sed totam sint sunt eos. Exercitationem reprehenderit doloribus non non autem voluptatem veritatis.', '2014-08-26 05:56:18'),
(3070, 501, 64, 'Tempore perspiciatis voluptas odio quibusdam. Ipsum dolores rem incidunt autem. Nisi ipsum atque impedit ex dolores commodi aut.\n\nBlanditiis alias eum blanditiis cumque blanditiis repudiandae qui esse. Aut consequatur omnis repellendus. Provident nisi voluptates quam saepe rerum. Consequatur porro in labore numquam. Tempore laudantium voluptatem in laborum odit.', '2011-11-08 11:51:09'),
(3071, 501, 63, 'Ad dolor tempora consectetur velit. Quasi magnam quibusdam consectetur sit. Excepturi officiis praesentium cumque est rerum non. Adipisci inventore ut occaecati tempora ut.\n\nProvident est quia eaque omnis. Adipisci consectetur quae sed saepe. Similique et dolorum architecto delectus neque blanditiis quia.', '2007-10-22 16:35:04'),
(3072, 501, 64, 'Sed ab iste aliquid tempora optio dolores soluta. Quas repellat ratione consequuntur consequatur fuga. Ea optio ea voluptas unde alias.\n\nExplicabo ducimus velit rem et. Voluptatum sit consequuntur earum sequi aliquam illo. Ut nihil rerum est in est. Ut voluptas vel recusandae.', '2005-11-04 11:06:49'),
(3073, 501, 58, 'Voluptas enim eius vel. Est ratione corporis non et ut minima. Voluptates inventore suscipit aut quasi omnis qui omnis maxime. Esse consequatur et minima animi dolorem tempora. Fuga aut porro nihil.\n\nVelit soluta quia enim nulla tenetur. Iusto atque saepe ut molestias consectetur labore accusamus voluptatem. Quaerat voluptas aut inventore. Quibusdam qui aliquid neque neque id quo sed. In quibusdam vel et vel minima nostrum voluptatum.', '2005-11-27 00:56:07'),
(3074, 501, 65, 'Id mollitia quisquam qui adipisci. Non sit id similique inventore.\n\nEt quia eligendi officia eaque. Rerum neque ut nulla hic accusamus eligendi non autem. Doloremque tempora sit autem.', '1996-03-19 07:04:59'),
(3075, 501, 60, 'Autem hic consequatur vitae facere aliquid ea. Et dolor consequatur aut nobis voluptas eius consequuntur. Maiores similique recusandae porro aspernatur officiis.\n\nRerum dolore labore et molestiae. Repudiandae voluptas at tenetur nesciunt earum omnis. Error a voluptas at. Nihil sit maiores omnis non nihil illum dolore.', '2012-01-06 15:00:28'),
(3076, 502, 62, 'Odio officiis alias officiis cupiditate pariatur. Atque voluptates aut alias alias. Unde ad nulla fuga culpa.\n\nSint atque ullam possimus occaecati. Amet eum aut est dolorum debitis id maxime. Vitae voluptatum libero autem magnam error eum.', '2008-06-04 22:47:13'),
(3077, 502, 59, 'Facere quos asperiores alias itaque non. Eos quibusdam non aut.\n\nRerum libero et omnis ut et at dicta. Porro modi quia nam rerum animi delectus quisquam. Fugiat et dignissimos inventore maiores non. Pariatur ut dignissimos commodi nemo perspiciatis.', '1994-01-25 02:52:12'),
(3078, 502, 62, 'Nobis blanditiis temporibus ut in doloribus ducimus. Dolor sunt dolorem sapiente cupiditate. Sit quam aut ad voluptatem corporis. Molestiae minima minima dolorem molestiae officia voluptatem quasi.\n\nEt autem qui itaque quis est aperiam non. Repellat maiores inventore et architecto nisi cum molestias et.', '2013-10-22 00:24:17'),
(3079, 502, 64, 'Voluptatum nisi velit et. Iusto minima beatae sunt eaque praesentium est ea. Aut ex praesentium ipsam ullam.\n\nDolor sapiente porro ut earum. Eum quasi adipisci ad animi molestiae. Qui voluptatem totam ea aut. Non aliquid quis quo et.', '1995-11-27 09:35:19'),
(3080, 502, 58, 'Aperiam corporis iste non et ea fugiat. Magni cumque sunt voluptatem quaerat vitae debitis. Eligendi eum voluptatem natus impedit vel dolores. Dicta fugiat tempora fuga et eos ducimus.\n\nEt dolorem quia similique quis aliquid aspernatur. Nobis fuga minus aperiam aperiam. At dolorem aut dolorum fugiat occaecati beatae nihil.', '2022-01-12 07:31:55'),
(3081, 502, 63, 'Eligendi quibusdam saepe aperiam eveniet. Quod magnam molestiae earum eum. Quod unde ullam est ullam eum. Ipsum hic omnis earum voluptates laudantium reprehenderit.\n\nEos sequi et alias et delectus. Laudantium autem nihil et ut quia. Ea nihil et consequuntur et tempore. Nobis itaque optio doloremque occaecati.', '1997-11-10 06:04:43'),
(3082, 502, 56, 'Repudiandae est quo exercitationem labore consequatur non voluptates consequatur. Occaecati rerum beatae neque. Dicta autem veniam aliquam quis sunt totam id. Error accusantium odit delectus autem deserunt.\n\nCommodi suscipit non ipsa autem. Architecto deleniti ut iste officia cumque optio iusto. Autem vel adipisci ut ipsa maiores voluptatem. Et nam consequuntur numquam qui.', '2002-04-09 21:07:05'),
(3083, 502, 65, 'Ut iusto ab laboriosam ut nemo. Ratione soluta veniam dolores repudiandae voluptas.\n\nNecessitatibus qui in numquam illum. Enim esse nam repellat. Qui quo ut accusantium aut aut rerum esse non. Rerum dolorum sint asperiores non ut.', '2011-02-01 13:00:33'),
(3084, 502, 60, 'Perspiciatis voluptatum pariatur mollitia deleniti et in blanditiis. Excepturi non voluptatem mollitia iste omnis voluptate. Assumenda assumenda sit nisi quod.\n\nQuo rerum atque autem. Placeat nemo aperiam voluptate qui dolor perferendis. Ea libero cumque iste. Assumenda est placeat quis et id.', '1996-10-17 19:44:46'),
(3085, 502, 59, 'Aliquid veritatis impedit ratione nostrum quia in neque. Ea ipsum commodi odit distinctio aut labore. Commodi velit eaque tempora inventore.\n\nQuis magnam quidem voluptatum eveniet doloribus cupiditate. Vitae quia dicta quo itaque. Tempore porro molestiae est velit fuga.', '1993-02-14 06:31:46'),
(3086, 502, 59, 'Fugit temporibus amet sit quo quisquam perspiciatis. Itaque est quae a illum aut harum recusandae. Alias velit id numquam autem molestias voluptas dolorem.\n\nQui optio et repellendus ipsum dolores maxime. Ratione nulla vero officia pariatur et. Impedit assumenda aut sit. Placeat debitis sed rerum.', '2008-05-16 17:31:54'),
(3087, 503, 60, 'Sed quod quis tenetur aliquid ut et. Impedit in dolores aliquid perspiciatis rerum placeat sit occaecati. Minima qui porro odio recusandae totam fuga non corrupti. Dolores corrupti aut quam sit.\n\nExplicabo deleniti ex at et quia. Nam aspernatur ut nobis blanditiis. Et rerum harum et aut perspiciatis ut explicabo.', '2003-03-04 07:48:38'),
(3088, 503, 64, 'In voluptatem ducimus voluptatem consequatur. Est libero facere minus vel. Illum quia molestiae in iure aut aliquid perferendis et. Enim harum aperiam accusantium repellat cum.\n\nExcepturi exercitationem soluta neque molestias placeat non eos est. Non non saepe omnis harum officia et sit in. Quos praesentium sed sapiente sit sit voluptas temporibus.', '2001-03-08 08:47:46'),
(3089, 503, 61, 'Quasi voluptatum numquam ullam quam corporis et. Perspiciatis dolor esse quo dolor unde. Iusto aliquam deleniti sunt dolorem earum molestiae. Doloribus tempora saepe nesciunt quia earum sed. Reprehenderit ducimus vero quasi deleniti fugiat ea.\n\nAsperiores cum dolor fugiat quia. Quo provident vitae dolore distinctio corrupti est. Minus nostrum quibusdam esse earum laboriosam. Et ea quas voluptas porro dicta in quasi.', '2014-04-28 20:51:19'),
(3090, 503, 60, 'Possimus dolor accusamus vel impedit tempora sunt. Ex iste dicta quas hic quibusdam aut vero. Ipsam odio et veniam ut tempore culpa. Odio distinctio libero aut est.\n\nEarum qui porro tempora unde. Rerum ut molestias est dolorum et ipsum. Ipsam corporis non voluptate tempore placeat.', '1992-05-28 00:42:35'),
(3091, 503, 56, 'Corporis esse accusamus quia. Consectetur qui dolor blanditiis eos quos. Odio sint mollitia ipsam ipsa tempora perspiciatis eaque. Itaque quis doloremque ut laudantium ut eveniet quis. Minus et cumque doloremque et saepe consequatur nulla.\n\nFacilis et sapiente dolores minus quia nihil. Harum praesentium laborum explicabo architecto et impedit distinctio. Ea labore sed expedita non praesentium quisquam veritatis. Eligendi et atque est odio ipsam expedita.', '2011-05-06 14:41:02'),
(3092, 503, 59, 'Quo sit quam non dolor omnis assumenda. Ut sit aut ipsa culpa sint. Quo mollitia ea error qui vel. Modi animi dignissimos inventore eum.\n\nEt aperiam quam adipisci eum. Aliquid minus et tenetur aspernatur dolor velit. Qui quis quam aliquam nihil ut modi.', '1998-05-17 00:54:58'),
(3093, 504, 63, 'Optio alias corporis eum totam est deleniti occaecati. Ab fugit ut optio. Praesentium nemo et vero nemo atque vel.\n\nIncidunt optio omnis ipsum consequatur. Dolorem in autem unde.', '2001-08-07 17:52:08'),
(3094, 504, 64, 'Delectus delectus qui rerum culpa nesciunt. Sed temporibus vero quaerat iste quia.\n\nVeniam eos minima laborum blanditiis voluptates. Nobis dolores consequatur accusantium minus voluptas. Officiis ipsam ducimus provident sint ab.', '1997-09-26 05:53:33'),
(3095, 504, 62, 'Et iusto ea adipisci praesentium mollitia in ducimus tempore. Ducimus consequatur autem eum natus iste voluptatem quia delectus. Itaque consequatur excepturi nisi non quo voluptas at.\n\nAb velit et ut saepe et sit. Repudiandae magnam iure illo qui est vel rerum repudiandae. Eum ut numquam dolorum.', '1992-01-30 18:45:29'),
(3096, 504, 61, 'Et in nostrum et eaque aut optio quidem. Ullam non tempora optio cumque consequatur in. Hic ut rerum nam fuga. Pariatur sint ut doloremque et illo nemo quia.\n\nQui nobis et fugiat. Voluptatum aut omnis et ut ut aspernatur excepturi. Deserunt eveniet assumenda impedit quae unde ratione voluptatem tempore. Est atque alias nihil sit.', '2014-07-15 00:11:47'),
(3097, 504, 63, 'Sint amet nihil excepturi totam laudantium excepturi. Iure perspiciatis laboriosam velit officiis qui voluptas veritatis dolorum. Deserunt pariatur fugiat non quasi vero magnam sunt sit. Deleniti possimus et explicabo rerum voluptatum autem.\n\nQuia autem quasi fuga quisquam ipsam quasi. Voluptatibus saepe qui ipsam quaerat repellat fuga recusandae. Rerum esse sit voluptas qui voluptas illum nihil. Accusantium est ut quia laudantium maiores qui.', '2018-09-27 15:00:20'),
(3098, 504, 62, 'Sint temporibus nam aut ratione fuga qui non vero. Voluptatem aut sunt natus qui. In quas architecto ex.\n\nDolorum voluptatem voluptatem est ad quae in. Quas maiores qui veritatis sit. Nam quia pariatur aliquid ut rerum ut. Itaque sit facere nihil excepturi.', '1993-07-22 11:13:54'),
(3099, 505, 57, 'Et eligendi error sequi qui beatae corporis. Et et autem eum similique. Est vitae minus perferendis animi quo et.\n\nHic hic repellat facere id. Est voluptatem voluptatum aperiam minus qui quidem omnis voluptatum. Neque culpa ex et blanditiis eum praesentium consequuntur laudantium. Nemo reprehenderit quos laudantium et. Molestiae sed ea quas hic quo corporis.', '2017-06-30 08:53:10'),
(3100, 505, 60, 'Cum rem commodi porro et. Inventore pariatur neque ab ut praesentium. Velit quaerat quibusdam in veritatis asperiores.\n\nVero voluptas quia dolore optio expedita maxime. Et ipsam voluptas perferendis est veritatis. Earum et molestiae asperiores enim. Quaerat ea consequatur aspernatur molestiae dolores.', '1993-12-22 16:13:53'),
(3101, 505, 60, 'Hic ad ullam assumenda eum qui sed molestiae non. Cumque reprehenderit ut tempora nobis debitis eum. Illum et reiciendis aliquam.\n\nMolestias temporibus molestias laborum officiis. Vel laudantium aut dolor ut ducimus rem vero. Inventore quia a excepturi aspernatur voluptatem et.', '2021-06-15 05:06:59'),
(3102, 506, 62, 'Est molestiae nihil velit suscipit voluptate vel. Nisi sint nihil mollitia nostrum et nihil. Repellat aut veritatis corrupti totam. Officia maxime totam officia ratione ut in eligendi.\n\nAsperiores praesentium maiores inventore et illum rerum quisquam aut. Fugiat repudiandae corrupti blanditiis laborum enim illo fugiat. At ut quia ullam necessitatibus dignissimos distinctio. Impedit commodi minima facilis pariatur.', '1992-07-13 14:20:02'),
(3103, 506, 64, 'Autem qui omnis quod repellat labore molestias saepe. Et mollitia eius dolores quia officia.\n\nEius fugiat magni ipsa nemo. Eos nihil non debitis est dolor aut. Rerum et vero totam veritatis occaecati reiciendis. Molestiae perspiciatis voluptas nihil deleniti.', '2009-05-16 14:55:45'),
(3104, 506, 64, 'Deleniti sunt cumque dolores voluptas ea. Earum dolore deserunt assumenda et optio sunt voluptas. Nam veritatis autem libero sunt.\n\nExpedita eveniet corrupti omnis voluptas magni omnis exercitationem. Nam voluptatem nihil eum eos aut. Aliquid eum quaerat aut expedita consequatur et.', '2014-04-12 05:07:30'),
(3105, 506, 58, 'Voluptatibus dolor occaecati debitis quibusdam saepe non. Dolor cum quis cupiditate occaecati eligendi.\n\nVelit asperiores quasi veniam. Totam labore id consequatur autem illo. Blanditiis at officiis ut beatae fuga. Et voluptas dolor ea aperiam nesciunt et. Non ipsam quas odio voluptas quaerat omnis quos omnis.', '2020-01-03 04:51:43'),
(3106, 506, 64, 'Sint omnis excepturi doloribus voluptas. Sint tempore enim soluta ea neque inventore quaerat. Deleniti rerum error aut dicta aut omnis repellat. Autem amet non sequi labore sit.\n\nHic voluptas temporibus consequuntur consequatur. Ut deleniti fugit possimus iure consequuntur est. Quis autem inventore maxime est.', '2000-09-15 09:25:58'),
(3107, 507, 65, 'Ut repudiandae facilis culpa maiores voluptas voluptatem omnis voluptatem. Voluptatem tempore asperiores qui quisquam. Nobis quia non distinctio possimus sit.\n\nSunt quo et accusantium tempora voluptas. Ipsa nisi id qui.', '2002-06-16 02:52:54'),
(3108, 507, 60, 'Placeat necessitatibus pariatur totam non aliquam. Accusamus quisquam assumenda eos possimus. Qui nemo fugit voluptatem eos vel.\n\nAmet dolorem ipsam ea magnam voluptatem. Tenetur repellendus optio beatae ducimus rerum praesentium animi sequi. Dolores velit quaerat illo dolores. In laborum illo quia praesentium odit nobis.', '2015-05-22 08:29:31'),
(3109, 507, 57, 'Eligendi temporibus et ad sed. Illo perferendis repudiandae modi facilis quasi voluptas qui voluptatem.\n\nSit atque autem est adipisci eius magnam. Odio enim aut velit eos. Eaque vel ut dolor quibusdam eos minima.', '1998-07-02 17:47:19'),
(3110, 507, 64, 'Facere quam est quo. Voluptatem qui deleniti voluptatem officia eos quibusdam.\n\nVoluptatem impedit exercitationem dolor et et provident laboriosam quia. Et repellat eos tempora. Veniam atque est iure magni. Repellat blanditiis nobis voluptatem et corporis. Unde qui et ex qui est repellat.', '2017-04-04 01:49:24'),
(3111, 507, 60, 'Quasi doloribus pariatur assumenda repellendus aut iure praesentium. Optio eum consequatur sint quidem nobis omnis voluptatibus porro. Ea et neque totam dolore ratione. Dolorem autem voluptatum dolorem.\n\nSequi quaerat veniam sapiente veniam. Ipsa est ea veritatis ad quod dicta qui. Qui assumenda id consequatur aliquam odit. Iusto facere possimus sed rerum asperiores.', '2003-08-21 08:29:26'),
(3112, 508, 60, 'Est molestiae deserunt omnis quae. Id quaerat fugit possimus iure voluptatum sit error. Et adipisci expedita et.\n\nUt dolor consequatur praesentium enim. Rerum aut suscipit excepturi voluptas accusantium. Iusto velit velit ex magnam.', '1996-09-16 20:38:59'),
(3113, 508, 61, 'Nesciunt sequi dicta vero hic veniam sit quia. Quo sint ducimus repudiandae optio. Fuga ratione eaque aperiam illum rerum molestiae maiores.\n\nSequi veritatis voluptatem quibusdam molestiae vero animi eius. Ut voluptate ratione temporibus qui non ea. Fugit quae exercitationem veniam voluptatem esse.', '2022-01-05 03:39:33'),
(3114, 508, 65, 'Aperiam facere voluptates ullam. Et et porro id iste id quia. Odio et reiciendis ut amet enim mollitia. Consequatur voluptas laborum accusantium mollitia.\n\nIure exercitationem incidunt voluptatem dolorem voluptatem et. Inventore exercitationem culpa voluptatem doloribus dolorem est veritatis voluptatem.', '2021-02-15 18:35:32'),
(3115, 508, 63, 'Vel ipsam aperiam soluta incidunt hic. Non aliquam laboriosam unde esse dolore quis. Delectus est perspiciatis aut sed et iste.\n\nCupiditate a illum nesciunt blanditiis deserunt numquam. Ea maxime ducimus numquam iusto deserunt quia voluptatem non. Ea odit magni dolorem voluptas molestiae repudiandae blanditiis.', '2002-01-13 19:10:27'),
(3116, 508, 56, 'Veritatis quod dolor cupiditate sed ab. Quo explicabo repellat perferendis excepturi in iste. Quam aperiam maiores voluptatem possimus animi eos illo. Accusamus quisquam earum et quia vero consequuntur corporis omnis.\n\nRepellat sed ex corrupti inventore eveniet. Dicta voluptas consequatur excepturi. Quia deleniti molestiae ad repudiandae eum aut.', '2019-07-22 16:00:25'),
(3117, 508, 59, 'Ullam fugit alias sequi. Fugiat provident provident enim illum officiis. Officiis ratione hic blanditiis alias quos. Ducimus repellat omnis eum et perspiciatis dolor eum.\n\nPerferendis at reiciendis unde voluptatibus nihil delectus. Molestiae voluptatem nam veritatis. Debitis ipsa officia quasi. Quos qui id reprehenderit maiores est iure voluptas.', '2019-11-30 17:54:34'),
(3118, 508, 61, 'Non quia iste aut laudantium. Voluptate quae ipsa consequatur consequuntur reiciendis quis. Et eius doloremque ipsum illum voluptatibus ullam assumenda.\n\nOfficiis earum aut error aut commodi delectus eius fuga. Sit eius qui accusamus iure exercitationem quia libero. Est optio rerum asperiores vel molestias. Ducimus natus qui dolore veritatis accusamus reprehenderit.', '2006-12-09 18:44:28'),
(3119, 508, 65, 'Provident placeat voluptatem aut facilis. Beatae tempora dolor est asperiores delectus necessitatibus consequatur dolorem. Cumque rerum et voluptatem ex.\n\nDelectus accusantium nobis qui. Accusantium delectus ea dicta dolores vel molestias. Cupiditate vitae cum totam ad quod minus necessitatibus. Rerum rem hic fugiat ipsa magni animi.', '2012-07-09 06:22:52'),
(3120, 508, 61, 'Quis laborum ea sequi sunt alias. Autem est nihil natus perferendis occaecati. Reprehenderit non vel voluptas quod optio sapiente. Quia necessitatibus sit odit non quam.\n\nBlanditiis ducimus eius ut est praesentium. Quisquam harum voluptatem aut labore eos fugiat.', '1997-03-20 01:14:18'),
(3121, 508, 64, 'Vitae voluptate excepturi fuga reprehenderit sapiente. Et vel exercitationem architecto et est quia et nihil. Ut perspiciatis iusto soluta odio.\n\nSed id eligendi cumque hic asperiores blanditiis occaecati voluptas. Consequatur fugit natus reprehenderit tempore.', '2008-01-25 23:09:41'),
(3122, 509, 59, 'Nostrum in laboriosam accusamus molestiae exercitationem facere in. Iure eum tempore deleniti et voluptas nemo. Porro tempore dicta et saepe commodi eum minus.\n\nEa voluptatem quo amet dolor officiis cumque error. Aut eligendi blanditiis aliquam consequuntur dignissimos. Officiis mollitia in inventore. Ea distinctio itaque eligendi nam.', '2007-09-21 23:41:17'),
(3123, 509, 65, 'Vel neque quas sed ullam sapiente rem quis. Odio nesciunt quidem velit aut non quia sequi. Et sit fugiat voluptates eos laborum. Voluptatibus nemo minima impedit hic.\n\nAutem quasi deleniti dolorem voluptatum fugit. Nisi corrupti rerum dolore a. Suscipit voluptate exercitationem aut provident enim voluptatem.', '2009-04-17 12:01:21'),
(3124, 509, 56, 'Pariatur numquam veritatis rem ea in. Corrupti perspiciatis consequatur id fugiat non. Harum numquam dignissimos qui eum et. Voluptates tempora optio nihil velit eos.\n\nAutem quidem harum voluptatum totam possimus. Corrupti incidunt eligendi cumque. Sit quis dolores dolorem dolorem aspernatur.', '1992-03-04 22:05:35'),
(3125, 509, 56, 'Iusto omnis recusandae perspiciatis qui temporibus qui voluptas. Necessitatibus qui dolorem voluptate velit natus enim alias. Qui tempore sequi omnis sit aut illum optio. Dolore voluptatem animi aut sapiente ut minima iste nam. Error a rerum laboriosam sunt nihil minus.\n\nNeque sed nisi sint illum aut. Veritatis quod numquam eveniet similique est dicta quisquam.', '2002-01-29 10:04:26'),
(3126, 509, 56, 'Sapiente rem odit debitis quia quidem numquam. Voluptates quisquam eveniet minima est ut fugit. In distinctio quo vero et totam voluptatem.\n\nDolor qui perspiciatis occaecati aperiam. Ab at enim ea non tempore. Dolor impedit perspiciatis natus sed neque.', '2004-03-19 03:02:32'),
(3127, 509, 56, 'Quis temporibus incidunt maxime. Ipsam laboriosam ut aut quisquam suscipit sint. Quia illum voluptatem ut tempora sunt.\n\nCorrupti laborum voluptatem voluptate facilis nemo. Laboriosam rerum consequatur provident laboriosam rerum animi.', '2008-10-11 10:17:55'),
(3128, 509, 64, 'Sint accusantium voluptatem ut doloribus. Corporis molestiae dolor voluptatem neque non laborum perspiciatis. Ullam in est repellendus modi magnam. Praesentium qui eius dolorum et.\n\nNumquam exercitationem reprehenderit id et quisquam. Ea qui hic in aut occaecati. Debitis unde et sit mollitia deleniti est voluptate. Vero temporibus ut id harum dolor.', '1998-11-01 07:09:26'),
(3129, 509, 61, 'Doloribus deserunt consectetur voluptates molestiae ea rem. Exercitationem accusamus quibusdam alias velit aliquam omnis.\n\nAccusantium impedit sit doloribus et amet hic. Itaque consequatur et ipsa asperiores ea similique voluptatem. Odit vel dolores facere voluptatem vel itaque sequi.', '1998-07-01 03:20:03'),
(3130, 509, 60, 'Odit possimus asperiores minima quidem suscipit nemo. Voluptate quos omnis voluptatem deserunt. Ut qui explicabo accusantium dicta ut impedit hic. Quasi qui voluptatum mollitia eos culpa.\n\nDoloribus et ea et aspernatur ut sed in. Assumenda ratione aliquid nesciunt provident consequuntur eius culpa. Sed deleniti minus nobis blanditiis dolorem facere voluptate.', '2016-10-10 10:34:53'),
(3131, 509, 62, 'Rem unde et perspiciatis voluptatem voluptatem. Est et incidunt vitae incidunt optio vero. Necessitatibus et illo dignissimos velit.\n\nPorro molestiae voluptas laudantium facilis ut atque. Accusantium quidem accusamus et quo. Corporis quis deserunt et sed repellendus eos. Voluptas consequatur ducimus fugit perspiciatis corrupti.', '2021-11-16 05:19:27'),
(3132, 510, 61, 'Corporis sunt nesciunt quam vel minima. Quasi vero reprehenderit aut sed unde voluptatem.\n\nSit hic enim cupiditate ipsa hic vel possimus. Vitae esse voluptates ut quia. Alias voluptatem quos cumque omnis. Non qui quis aspernatur et numquam velit enim.', '2001-01-17 18:04:12'),
(3133, 510, 58, 'Animi laboriosam iste unde sapiente ut odit. Optio eveniet repellat adipisci voluptate.\n\nBeatae perferendis distinctio libero excepturi veniam. Ipsam doloribus alias iusto. Accusantium est velit eius molestiae placeat animi qui. Laboriosam hic optio vitae sint.', '2012-02-27 07:38:11'),
(3134, 510, 59, 'Similique placeat eveniet veniam dolorum illum. Modi aperiam ipsum autem voluptatem. Voluptatem magni est aliquam temporibus aut placeat officia.\n\nQuo quia exercitationem dolorem nulla pariatur necessitatibus provident. Est minima ad quis ducimus perferendis commodi in repellendus. Officiis et quo ut est.', '1999-04-10 09:47:44'),
(3135, 511, 65, 'Et libero a sapiente. Nemo vel odio fugiat. Alias minus blanditiis cum. Quisquam iure et vero sed praesentium deleniti dolores architecto.\n\nIste non quia rem assumenda quia veniam blanditiis. Quia quod blanditiis adipisci eius aspernatur esse.', '1997-10-04 08:13:12'),
(3136, 511, 58, 'Blanditiis debitis facere omnis. Est ipsum suscipit officia quo inventore nesciunt. Ullam vero magnam maxime culpa similique earum harum. Repudiandae soluta quibusdam assumenda ipsum sint ut.\n\nImpedit explicabo culpa quidem ea ea tempora. Est aut est voluptates eum ex deleniti ut. Voluptatem minima voluptatem dicta totam ullam quisquam enim. Laudantium est repellendus explicabo voluptate.', '2009-06-13 10:17:58'),
(3137, 511, 56, 'Quia repudiandae error rem earum eligendi cum sit. Nulla quia commodi dolorem qui cum id minus voluptatibus. Id odit tempora iste doloremque incidunt perspiciatis nihil. Illo veritatis deserunt ullam veritatis libero eos.\n\nIncidunt iste animi eum nisi commodi. Odio quisquam animi perspiciatis esse. Quia ut dolor sunt culpa hic repellat doloribus.', '2010-02-27 01:58:39'),
(3138, 511, 63, 'Rerum culpa et velit in. Velit unde aliquam perferendis et numquam rerum natus. Voluptate similique ab quis harum dolor sapiente. Aut officia facere blanditiis est.\n\nQuaerat adipisci velit aperiam ut minima voluptas. Perspiciatis dicta dicta officiis aut vitae recusandae qui. Et voluptatem quia tempora.', '2001-01-19 23:48:32'),
(3139, 512, 58, 'Quia quia quaerat qui rem in neque tempore similique. Unde qui et accusamus ut distinctio explicabo expedita.\n\nFacere nostrum qui eum quis error. Natus vel dolorem quae ea. Non ipsum quia et incidunt in eum ipsa. Ut aperiam sunt sit. Aliquam accusantium dolorem illum explicabo.', '2006-07-05 05:32:39'),
(3140, 512, 63, 'Soluta tenetur est molestias nesciunt voluptates quis nisi. Vitae sed tempore eum eos explicabo illo. Voluptates vel voluptatem ratione consectetur unde culpa facilis. Beatae rem iure modi quod quasi. Vitae quia ut omnis et excepturi ut iure et.\n\nQuae sit quae sit corporis dolorem. Fuga voluptatum quia corrupti dolorem occaecati labore sunt. Eum voluptatibus sequi qui quia.', '2011-05-22 12:16:28'),
(3141, 512, 56, 'Id dolore consequatur sapiente cupiditate. Provident atque sit doloremque sed. Vero officia quis doloribus nulla enim et. Est reprehenderit quia nesciunt voluptas sunt nihil hic mollitia.\n\nAut magnam ipsam dolorem aut. Libero at saepe iure animi. Est voluptatem sit voluptatibus. Aspernatur omnis voluptatem eos dolorum fuga modi vero. Quod blanditiis autem eaque tempora nostrum porro.', '1993-01-09 11:38:55'),
(3142, 512, 64, 'Hic tenetur et magni optio vitae fugiat. Aperiam numquam quis consequuntur. Libero reiciendis laudantium consequuntur magni. Expedita ut itaque dolores debitis reiciendis dolorem ut.\n\nSunt non velit at dolores aut architecto. Sint exercitationem voluptatibus accusamus dolorem laudantium non.', '2007-08-23 01:28:24'),
(3143, 512, 56, 'Ducimus et inventore incidunt est soluta esse. Aut deserunt repellendus molestiae sunt. Incidunt suscipit dolores esse dicta est consectetur.\n\nDolor error illo quo sit. Adipisci numquam enim totam placeat enim est officia. Et vel atque nam ut et autem.', '2018-02-03 12:21:23'),
(3144, 512, 62, 'Rem delectus dolorem veritatis sequi eligendi. Tenetur aut corporis facilis rerum consequuntur tempore. Laboriosam magnam adipisci sint dicta. Cupiditate sunt sed vel id ratione.\n\nVoluptatum quibusdam sit laboriosam quo aspernatur ab. Quaerat recusandae ut similique. Corrupti dolores numquam exercitationem velit veritatis qui. Minima beatae quibusdam similique est aliquam quia ipsa.', '2013-02-14 22:38:05'),
(3145, 512, 64, 'Voluptatem nemo dolores sunt nihil. Consequatur culpa autem natus consequuntur porro. Ullam commodi recusandae commodi qui quae quod aspernatur.\n\nMinus voluptatem eum architecto non. Ipsam provident incidunt et ex officiis temporibus qui. Et dolorem eos omnis recusandae porro id distinctio aut. Officia et non inventore quis consequatur.', '2015-05-22 00:44:09'),
(3146, 512, 60, 'Quae omnis minus sit eligendi sed sequi fugit commodi. Et fugit ratione rerum qui et. Eveniet officia enim sed libero. Pariatur consequuntur rerum voluptatem voluptatem ipsa. Ducimus qui in enim.\n\nHic est deserunt est nostrum illo aliquid quibusdam. Eligendi voluptates ipsum vel harum. Error assumenda qui dolor voluptatibus quaerat. Eos est autem voluptates.', '2019-08-21 04:21:16'),
(3147, 513, 59, 'Recusandae ad perspiciatis quia quis dolores. Omnis quis labore corrupti dolor et. Sit eos delectus quae animi quos numquam. Et impedit possimus nisi magnam.\n\nQuia voluptate ut odit in dolore et. Voluptas quasi aliquid eius mollitia et aut voluptatem. Voluptatem ea eum est asperiores saepe.', '2016-04-08 00:12:52');
INSERT INTO `comment` (`id`, `car_id`, `users_id`, `body`, `date`) VALUES
(3148, 513, 59, 'Non qui sunt qui et itaque reiciendis harum. Fugit illo et iure quia culpa.\n\nNecessitatibus debitis corrupti placeat dolor. Cupiditate et magni dolores laborum sapiente. Quidem aperiam aut natus. Praesentium ea voluptatum dolores.', '2009-03-15 05:29:30'),
(3149, 513, 62, 'Voluptas autem animi similique voluptate id velit qui. In illo optio eum. Pariatur dignissimos a dolores quibusdam dicta et.\n\nDolor nihil inventore occaecati velit. Mollitia ipsam sit tempora qui sed modi necessitatibus. Id est maiores nisi vel magni. Aliquid quibusdam est rerum quis labore.', '2005-01-07 00:06:45'),
(3150, 513, 62, 'Inventore aliquam rem nostrum magnam commodi officia. Quasi voluptate est voluptatem sunt dolorum aliquam consequuntur sint. Odit provident id dicta aperiam maxime.\n\nVero velit mollitia repellat est. Officia et qui sunt iure. Qui ad et ex magnam ut sunt. Atque vel qui dolor et dicta aut.', '2001-04-16 05:34:33'),
(3151, 513, 59, 'Voluptatem aliquam voluptatibus est maxime commodi ex eum. At quia aperiam eligendi saepe. Quam est exercitationem qui voluptas sed dolor qui.\n\nQuo ex quia est accusantium cum qui magnam est. Nihil porro et consequuntur sint rem ad perspiciatis. Corrupti aspernatur vel veniam laboriosam illum.', '1993-12-18 08:08:47'),
(3152, 513, 57, 'Ipsa in beatae modi fuga. Ea ipsa rerum aperiam et voluptatum qui est. Aut quis cum quas itaque. Animi saepe harum consectetur ut praesentium expedita dignissimos. In autem ut quas laudantium sit qui.\n\nDolor iste ad illo dolorem facere. Laborum quia iste impedit quia. Praesentium qui neque aliquid temporibus eaque deserunt.', '1999-05-04 09:34:49'),
(3153, 513, 61, 'Fuga consequatur a atque numquam est. Cupiditate velit eveniet iusto. Sit odio modi quasi assumenda rerum consectetur.\n\nSapiente nisi nostrum dolore. Voluptatibus inventore temporibus et ut quisquam ipsam natus. Quos sit iure corporis ea. Ut fugit incidunt voluptatem nemo est maiores rerum dolores.', '2003-07-31 14:29:37'),
(3154, 513, 61, 'Unde distinctio voluptatem eos beatae quia qui rem. Officiis blanditiis et in. Ab provident numquam incidunt laboriosam commodi error. Facilis id id iure corporis fugit.\n\nSed et error ratione dolor nulla sit. Adipisci esse voluptatem doloremque commodi. Consequatur earum enim architecto dolore rerum nisi exercitationem dicta. Iure asperiores et consequatur ipsum dolorem voluptatem sequi. Doloribus dolor quas aut aut architecto.', '1997-08-17 06:01:38'),
(3155, 513, 57, 'Aut recusandae dicta dolorum ad neque. Enim repellendus praesentium esse recusandae. Autem optio dolor est ea rerum.\n\nFuga qui modi voluptatem praesentium rerum. Iusto cumque voluptas ducimus labore debitis delectus pariatur. Qui eligendi quasi suscipit natus.', '2014-04-12 08:19:38'),
(3156, 513, 62, 'Nihil qui impedit ipsa facere cum qui maiores. Ducimus amet consequuntur enim eaque. Vel quaerat consequuntur est incidunt recusandae est. Et aut eum quod nobis eos. Atque necessitatibus est quibusdam optio non officia.\n\nOdit voluptates mollitia natus ut exercitationem. Fugit nesciunt enim ad dicta quia voluptas. Incidunt harum repudiandae assumenda id rerum. Neque doloribus enim rerum dolorem soluta libero voluptatibus.', '2019-11-08 11:07:08'),
(3157, 514, 57, 'Nam molestiae voluptatem id porro voluptatem modi. Ut cupiditate dolor eum quos voluptas qui. Reiciendis eligendi et nam. Consequatur ipsa qui quam qui nemo.\n\nConsectetur commodi molestias ut consequuntur enim sunt. Dolorem unde reiciendis neque laborum. Eum aut omnis et ea quibusdam blanditiis hic a. Consequuntur quis est beatae id suscipit ut id.', '1997-10-03 00:29:33'),
(3158, 514, 60, 'Enim veritatis qui asperiores molestiae ipsam. Et et fugit omnis non quia autem mollitia. Sapiente dolorem aut sit illo esse dicta maiores earum.\n\nAccusantium a aut aut eum dolore. Minus eos non corporis. Incidunt ab et ut autem nostrum impedit aut.', '1999-03-08 14:37:02'),
(3159, 514, 65, 'Quas est autem error. Sed dolorem architecto sunt doloribus soluta. Et animi maiores quas aliquid et soluta neque.\n\nEum iste voluptatem aspernatur qui ut. Tempore laboriosam voluptas aut qui. Esse et qui iure et reprehenderit. Distinctio qui qui eligendi beatae. Distinctio repellat quisquam laboriosam architecto inventore.', '2006-02-04 12:49:04'),
(3160, 514, 60, 'Et quo voluptas quae corrupti repellat similique. Dolores et nihil aut vel similique. Atque culpa amet inventore non ut alias. Eaque omnis rerum repellat.\n\nLaborum officia eum quia id et dolor illo. Provident vero ut aspernatur quidem. Tempora voluptatibus et reprehenderit quis nostrum eaque blanditiis. Tempore similique dolorum aut aut laborum.', '2015-01-23 09:12:09'),
(3161, 514, 60, 'Quaerat quia consequuntur odio illo. Reprehenderit ut voluptates fugiat odio. Repudiandae totam ullam cupiditate voluptatem eum quisquam molestiae.\n\nHarum voluptatem dignissimos illo deleniti omnis tempora cupiditate. Accusamus ex ut molestiae.', '1997-11-23 02:20:53'),
(3162, 514, 63, 'Cum est soluta atque. Id inventore deleniti ratione accusantium quasi voluptatem dolores repellendus. Temporibus quaerat eum vitae et sit iure.\n\nEx molestiae laboriosam error pariatur distinctio. Dolores ad id aut sapiente asperiores rerum eum. Numquam qui numquam quaerat aut.', '1995-01-04 04:29:15'),
(3163, 514, 56, 'Voluptates sint dolorem sunt pariatur nihil quidem et. Natus magni vero quia quae necessitatibus eius accusantium. Mollitia ea sed est eveniet voluptas repellat repellat et.\n\nMaxime quasi sit blanditiis minus. Voluptate ipsa sed eum sint autem. Soluta assumenda deleniti cupiditate a architecto officia.', '1997-04-19 14:30:57'),
(3164, 514, 64, 'Aliquid nihil neque eum atque accusamus fuga laborum. Consequatur dolores quidem sunt minima. Id omnis id odit quo quis ratione. Omnis ipsam et vel voluptas quia sequi dolorem.\n\nEa cum repellendus fugit vel. Quam debitis aut placeat necessitatibus labore voluptas sit. Fugit rerum ad quo consequuntur. Totam est id est. Voluptatem delectus expedita iure corrupti nobis et commodi.', '1992-01-28 21:12:31'),
(3165, 514, 64, 'Autem libero voluptatibus odit non veniam. Consequuntur consequatur sequi enim reiciendis. Dolorum iusto cumque atque non repellat repellat et vitae.\n\nVoluptatem laboriosam qui rerum alias. Quibusdam amet soluta consectetur voluptas enim error.', '1997-12-24 02:54:18'),
(3166, 514, 58, 'Et ipsum pariatur voluptatem sit architecto debitis hic. Numquam repellendus est in corporis in. Quia quidem sapiente mollitia quia.\n\nEst totam ut et modi maxime laborum reprehenderit. Itaque similique recusandae consequuntur quisquam adipisci et ut. Sed et aut qui ipsum vel vero.', '1995-09-29 19:39:56'),
(3167, 515, 60, 'Distinctio quia ea iure. Accusamus voluptatem aut nesciunt esse. Dolores nemo quia earum est quia.\n\nQuia accusamus autem aliquam voluptas ut facere. Harum recusandae vitae maxime. Vel voluptas rerum odio et qui. Deleniti odit minus et non reiciendis eos. Aut saepe qui maxime est quisquam omnis assumenda.', '1996-01-20 06:00:48'),
(3168, 515, 64, 'Voluptates rerum quia consequuntur nihil itaque. Voluptatem veritatis rerum similique. Velit omnis voluptates vel et qui veniam officia.\n\nExercitationem officiis a similique possimus. Et in beatae nemo molestiae. Itaque aut praesentium et impedit ullam deleniti dolores.', '1996-09-23 05:43:25'),
(3169, 515, 63, 'Sit mollitia rerum alias ullam quam qui a voluptatem. Sunt qui expedita tenetur in cupiditate. Doloribus et vel rerum qui sapiente suscipit. Non voluptates sunt quae cum animi magni.\n\nPlaceat molestiae asperiores quos. Dolorum et vitae omnis veritatis temporibus quaerat et. Atque similique et ad enim. Temporibus consequatur qui aut ex.', '2021-09-22 07:16:53'),
(3170, 515, 58, 'Quidem quam numquam beatae harum fugit. Eius consequatur fugiat vitae quia velit assumenda libero. Similique repellat et pariatur.\n\nQuia sequi sit numquam. Temporibus eos aut hic quam. Doloribus expedita quia magni sint sequi rem et.', '2000-10-31 10:00:55'),
(3171, 515, 59, 'Et neque aliquid enim officiis labore rerum est. Porro minus nemo ad ipsum in. Magni occaecati ex eaque assumenda. Sequi voluptas itaque quo ea perspiciatis placeat voluptatum nihil.\n\nFuga quia qui incidunt. Sit provident dolorem qui ut quod voluptatem. Eveniet quis quasi quos amet debitis. Laboriosam fuga corporis voluptatum autem ut et est.', '1992-10-26 18:15:36'),
(3172, 515, 65, 'Dolores assumenda ut maxime velit expedita. Blanditiis sapiente ut esse qui laborum eos. Mollitia ut alias enim aut.\n\nQuasi deleniti amet sapiente accusantium vero facere nihil. Voluptatibus distinctio quod sed quisquam autem quidem veniam et. Illum autem id iure vero sed quis. Nam laboriosam ducimus aliquam possimus mollitia consequuntur alias debitis.', '1996-01-13 11:30:10'),
(3173, 515, 61, 'Perferendis est omnis veritatis. Qui libero ipsa modi nesciunt. Id adipisci vel natus. Iste quod numquam sunt voluptas nam expedita.\n\nQui deleniti perspiciatis ea est harum sunt. Quos molestias dolores quia unde voluptatibus impedit dignissimos. Tempora maxime quis doloremque. Natus maxime quod laudantium nobis vitae.', '2006-07-06 03:35:10'),
(3174, 515, 57, 'Laudantium laudantium officiis quia consequatur. Quas voluptatibus ut nobis eos quibusdam. Consequatur et exercitationem ad soluta error eos. Vel ducimus unde eaque ducimus ut dolor.\n\nFugiat deserunt et nobis dolores. Aliquid est reprehenderit ipsam sed velit alias qui. Eum nulla qui eius cum.', '2008-09-13 00:11:48'),
(3175, 516, 60, 'Eveniet ipsa culpa aut expedita sunt. Deleniti ut voluptatum inventore enim. Dolorum eum adipisci voluptas deleniti nulla.\n\nQui beatae quos vel tempore ut. Et qui tenetur consequuntur laborum inventore. Recusandae quos nesciunt eligendi enim blanditiis. Eligendi et officiis voluptatem nihil recusandae.', '2006-02-28 01:34:15'),
(3176, 516, 57, 'Vitae hic totam laboriosam itaque. Minima doloribus et quia ipsam. Cupiditate sed veniam praesentium omnis aspernatur possimus. Et molestiae accusantium voluptatem quia incidunt.\n\nEos libero dolores qui quia omnis molestiae doloribus sint. Quod veritatis similique molestiae. Impedit aut sint cum id sunt error ab.', '2017-10-19 08:00:41'),
(3177, 516, 64, 'Corrupti excepturi molestiae sit deserunt sint quia. Laborum ea accusantium animi cupiditate est. Doloremque et ex totam voluptatem.\n\nDolores eveniet autem perferendis ea nihil minima. Quia temporibus iusto vitae molestiae. Ratione possimus animi nemo et.', '1994-10-04 02:44:50'),
(3178, 516, 63, 'Eaque assumenda id sunt id. Iusto similique ipsum distinctio ducimus consequatur. Et nesciunt atque sit veritatis at. Rerum ipsum maiores quia.\n\nNemo incidunt recusandae ea ut molestiae. Et incidunt molestiae autem et delectus accusantium temporibus. Earum optio similique blanditiis.', '2013-02-09 07:48:25'),
(3179, 516, 60, 'Dicta impedit veniam eius sapiente rerum quisquam. Non laborum aut est minus. Autem et odio consequuntur repudiandae reprehenderit.\n\nUt occaecati magni aut sunt consectetur id nemo. At non ut dolorem voluptatem pariatur aliquam aut. Impedit explicabo sunt et ex architecto. Eos consequatur unde iste id omnis.', '2016-06-27 23:05:44'),
(3180, 516, 62, 'Iste vero numquam consequatur eum beatae. Necessitatibus recusandae unde non voluptatem est quaerat. Ut nemo facere qui odit excepturi. Et vel id aut quis vitae voluptatum explicabo.\n\nSoluta quia sit itaque non et. Consequatur aspernatur harum voluptatum atque ea qui error. Sit expedita eum vitae eos commodi est. Voluptatem eum sint consequatur et velit.', '1999-06-02 04:09:46'),
(3181, 516, 61, 'Quod pariatur aut aperiam dolores minima tempora consequatur. Quia et tenetur earum eaque dignissimos itaque animi. Et iste minus libero accusamus. Explicabo eius omnis quo qui aut. Omnis sed quod sunt sapiente quasi.\n\nId aut et non. Quo facere cupiditate aut quis ut ad ut. Est non ut aut commodi ex.', '2018-10-01 23:37:23'),
(3182, 516, 59, 'Dolore non animi inventore aut architecto animi. Consectetur cum et et ratione doloribus delectus. Eveniet voluptas nisi temporibus. Nobis repudiandae vel porro qui aut harum deserunt.\n\nDolorem deserunt doloribus explicabo ut pariatur. Id illum adipisci in facilis nostrum nisi sed doloremque. Non cumque voluptatem reprehenderit sint. Aliquid sit aut omnis.', '2015-08-11 12:11:52'),
(3183, 516, 56, 'Explicabo ducimus assumenda sunt quia suscipit blanditiis debitis reiciendis. Velit voluptas recusandae impedit dolores neque est ea. Cupiditate quos quaerat rerum rerum eaque. Delectus reiciendis reiciendis necessitatibus eveniet est dolorem libero.\n\nVeniam minima enim et mollitia omnis quibusdam sit. Hic beatae dolorem atque accusantium. Architecto ut cum facilis.', '2014-03-17 19:53:28'),
(3184, 517, 60, 'Consequuntur itaque quae iure sit dolorum dicta. Sed ipsa nihil soluta quo amet laudantium. At necessitatibus eligendi similique quo repellendus in illo.\n\nSimilique cum beatae omnis illum sit blanditiis deleniti. Debitis ea dicta nostrum quia. Similique sit et vero laudantium placeat ex voluptas. Magnam molestiae velit quibusdam.', '2004-12-07 05:44:50'),
(3185, 517, 56, 'Quos perferendis repellat eos. Et sed voluptas ipsum et ex quia ipsa. Quaerat voluptates et in ut incidunt qui consequatur. Atque natus laudantium doloremque nam sunt magni facere.\n\nFuga qui et quaerat nulla voluptatum facere libero eveniet. Quidem maxime illum sint placeat eos libero. Excepturi distinctio ut voluptas quae et consectetur expedita.', '2013-10-08 23:53:10'),
(3186, 517, 57, 'Placeat nemo aut quos dolor. Non necessitatibus omnis nisi sed rerum commodi. Velit repudiandae asperiores sit impedit perspiciatis illo delectus quibusdam. Totam aut non sed perferendis iusto ipsum amet.\n\nFugiat aut occaecati commodi totam et corrupti quae. Aut asperiores rem hic temporibus cumque quasi.', '2003-03-29 10:53:42'),
(3187, 517, 59, 'Blanditiis a minus sint et reprehenderit. Non fugit in repellendus fugiat quibusdam iure ut. Facilis eaque molestiae laudantium. Sunt sed esse labore.\n\nDebitis ad dolorem enim deleniti qui. Nihil libero sit voluptatum neque fugiat id quia. Nisi esse libero est necessitatibus aspernatur qui.', '2014-09-12 08:29:16'),
(3188, 517, 64, 'Eaque id velit vitae nostrum et expedita iste temporibus. Occaecati ducimus est quia est non vero. Qui sed temporibus recusandae magnam reprehenderit dolor. Fuga officia enim accusamus esse tenetur asperiores sit.\n\nAnimi ipsam tenetur nisi expedita pariatur et. Perferendis labore ducimus ipsa voluptatem aut. Reprehenderit voluptatem similique autem adipisci reiciendis dicta temporibus.', '1996-11-18 01:33:32'),
(3189, 517, 62, 'Autem ducimus quis id recusandae sequi ut ratione. Labore veritatis incidunt libero saepe aut soluta ut. Enim recusandae commodi praesentium vero. Dolores aspernatur repellendus quasi doloremque tempore vero quisquam. Ducimus ut blanditiis in est deleniti.\n\nId vero praesentium assumenda quas laudantium nostrum. Commodi consequuntur et soluta itaque. Temporibus possimus ipsum ex distinctio vitae eum occaecati. Velit ducimus pariatur autem. Cumque aut ut perspiciatis repudiandae cumque.', '1993-01-20 00:33:57'),
(3190, 518, 60, 'Adipisci iste enim quo repellat aperiam rerum. Voluptas ipsam fugiat veniam repudiandae quis ratione cumque ex. Sit culpa assumenda doloremque maiores ea sit temporibus nihil. Odio minima distinctio porro magnam enim nulla.\n\nQuae laboriosam ipsa ut ut eaque tenetur. Sunt porro atque et perspiciatis. Ullam minus dolor necessitatibus ipsum. Enim voluptatem saepe ratione sequi nostrum id.', '2020-08-08 02:42:09'),
(3191, 518, 65, 'Repudiandae vel odio et ex iure adipisci illo. Harum cumque autem in voluptas perspiciatis eaque sed. Repudiandae deleniti exercitationem explicabo reiciendis et sunt.\n\nNeque quibusdam optio assumenda. Vero dolore et vel. Ut esse sit in sed dolores minima amet. Est consequatur enim voluptatem aut et et minus.', '2019-06-20 10:15:49'),
(3192, 518, 62, 'Recusandae voluptatibus id et quia id velit maiores. Reiciendis eos quas ratione id eligendi. Rerum qui tenetur est maiores rerum aut cupiditate.\n\nIpsum corporis perspiciatis magni autem omnis velit voluptas. Facere ex doloremque velit qui ut. Blanditiis repudiandae veniam sequi ipsum officia nesciunt. Atque ea eaque tempore voluptatum deleniti.', '2000-07-04 04:50:16'),
(3193, 518, 64, 'Quia repudiandae culpa repudiandae qui odio quasi omnis. Ut deserunt qui quam quos voluptatem. Veritatis ipsa at iusto consectetur alias velit nulla.\n\nAd consequatur sequi incidunt voluptates autem. Rerum quidem velit excepturi dolor ipsa hic. Dignissimos fugit soluta delectus est.', '2005-07-27 23:02:07'),
(3194, 519, 59, 'Aliquam aut commodi maxime nemo tempore doloremque. Est eligendi accusamus eveniet pariatur et. Id soluta rerum et praesentium omnis explicabo.\n\nSit mollitia sit ipsum praesentium facere iusto et. Nobis cupiditate nemo voluptatum. Omnis laborum iure alias pariatur. Accusantium id est velit.', '2007-01-22 10:58:03'),
(3195, 519, 60, 'Sint et incidunt necessitatibus dolorum iusto libero. Repellat corporis exercitationem fugit corporis ipsa id. Ipsa possimus aliquam quo eligendi deserunt.\n\nArchitecto voluptas inventore animi molestiae. Fugit corporis in est omnis facere reiciendis dignissimos. Dolor in quia voluptas beatae.', '1994-03-14 09:38:16'),
(3196, 519, 57, 'Blanditiis dolores libero labore aut molestias. Dolorem repellendus nihil quo officia eius quis ut. Hic consequuntur iste sapiente voluptas. Rerum porro saepe rem ad eum voluptate.\n\nUt velit et cupiditate numquam magni et rerum. Tempore veritatis ratione sunt culpa quas. Possimus esse optio modi omnis voluptatem cum unde veritatis.', '2012-10-30 22:11:36'),
(3197, 519, 65, 'Nihil tenetur enim quia nobis recusandae dicta ut. Fugiat cupiditate ullam deleniti. Sed libero et officia alias a placeat vel assumenda.\n\nSit et in nesciunt qui commodi velit. Animi suscipit sit sit dolorem rerum expedita ratione. Voluptas sed quasi repudiandae nesciunt in.', '2017-07-23 12:09:31'),
(3198, 519, 65, 'Ut sit tempora ut reiciendis et sunt. Sed quos enim impedit iste et inventore. Sed accusantium minus dignissimos dolor vel voluptatem.\n\nQuisquam magnam rerum consequatur eveniet non minus. Eum exercitationem minima sapiente delectus quisquam. Unde accusamus praesentium aut consectetur. Dolor excepturi aut praesentium.', '2001-03-05 04:41:15'),
(3199, 520, 63, 'Explicabo maxime et debitis praesentium voluptas exercitationem. Ut totam ad fugiat unde. Vero et repellat sequi ad dolore. Dolor adipisci in id. Repudiandae qui et sint doloribus nobis consequuntur.\n\nEsse alias beatae nihil. Voluptas est nam ipsum rerum. Quis eveniet soluta enim debitis. Illo rerum placeat iure ab.', '2014-08-28 05:48:12'),
(3200, 520, 58, 'Ut eligendi cum totam. Itaque cumque fuga at reiciendis molestiae illum consequatur vel. Pariatur nihil quia et repudiandae fuga quaerat.\n\nVel impedit quis culpa nobis omnis accusantium non ipsa. Quisquam expedita quia accusamus deserunt fugiat aliquam qui modi. Nihil voluptatem veritatis aut dolores vel.', '2020-12-06 22:15:25'),
(3201, 520, 62, 'Et recusandae velit non. Quia sequi labore quia. Suscipit illum excepturi quas voluptas dicta corporis.\n\nEt eaque aperiam sunt corporis. Minima dolores enim at nesciunt debitis delectus quasi. Qui id autem cupiditate sapiente impedit.', '1999-04-24 03:34:44'),
(3202, 520, 60, 'Corrupti cupiditate quos id id aut reiciendis. Quas tempora natus rerum aut ducimus accusantium suscipit quidem. Ducimus soluta alias voluptatem eos deserunt est. Tempora sit aut officia quia illum quis.\n\nAb velit aut rerum. Qui qui omnis inventore autem mollitia est officia. Ut sed sit et.', '1999-03-22 08:14:03'),
(3203, 520, 65, 'Suscipit consequatur sed praesentium et qui error sint. Autem molestiae fugit accusamus voluptas et assumenda ipsa. Quibusdam vel et praesentium vero. Deserunt deleniti consequuntur inventore suscipit odio. Rem magni possimus nesciunt aut laboriosam.\n\nPorro earum sunt temporibus. Omnis quidem aut cupiditate. Molestias accusamus quo distinctio enim.', '1993-06-02 03:26:10'),
(3204, 520, 56, 'Maiores repudiandae voluptas aut aut iste quibusdam ut et. Voluptatum modi non et aut ut. Sed nemo dicta doloribus et autem perferendis. Qui molestiae aut vel nostrum at eum illo.\n\nAperiam esse minus possimus voluptatum distinctio placeat quidem. Provident voluptas sapiente omnis rerum perspiciatis reprehenderit nulla. Fuga quo ea amet culpa. Soluta ea vitae sapiente sint. Sed vel et in pariatur dolor.', '2017-11-11 17:28:10'),
(3205, 520, 63, 'Ut nam odit doloremque sit sint harum. Doloribus iure est pariatur asperiores incidunt voluptas iure et. Ducimus dignissimos est quasi.\n\nNulla minus iste repellendus ducimus voluptatum illo. Maiores illum excepturi ut et modi nisi asperiores. Autem non consectetur eum quod.', '2015-03-17 01:16:52'),
(3206, 520, 58, 'Dolor architecto dolores numquam sed. Quia tempore tempora harum magni cupiditate quo molestiae. Doloribus quisquam vel et non.\n\nOptio explicabo quas quos ut. Maiores accusantium temporibus eum culpa et. Soluta et est quia id dolore incidunt modi. Culpa aut architecto adipisci quos.', '2013-10-14 10:38:26'),
(3207, 520, 56, 'Consectetur et illum voluptatem architecto aut accusamus. Veritatis enim perferendis et odio. Voluptatibus rerum quos consequatur qui sed nobis. Quisquam totam culpa et dolorem eos autem.\n\nIste quo at doloremque deserunt temporibus sunt similique delectus. Et ullam autem est labore exercitationem et corporis.', '2010-08-27 21:54:04'),
(3208, 520, 62, 'Possimus voluptatibus sint placeat labore expedita quia quasi praesentium. Dicta est nisi deserunt minus occaecati. Ratione minus aut porro explicabo fuga fugiat.\n\nDoloremque enim id eum nemo qui. Perferendis repellat non vero soluta eius autem saepe. Quis consequatur dolores sit accusamus porro suscipit.', '2003-05-18 13:57:10'),
(3209, 520, 60, 'Delectus ut autem odio aut. Accusamus dolor sint ipsam qui ut mollitia doloribus. At dolorem animi neque est voluptatem animi.\n\nAut soluta saepe omnis dolores et optio est. A doloremque doloremque pariatur in dignissimos commodi deleniti. Architecto accusantium labore autem nobis possimus. Itaque minus et eligendi iusto. Similique et laborum voluptas perferendis eum.', '2014-12-09 20:02:41'),
(3210, 521, 60, 'Nesciunt omnis et natus commodi quisquam earum eligendi recusandae. Sint sapiente odio voluptas culpa. Laborum sit sapiente voluptatem culpa rerum. Dolor tempore perspiciatis et saepe sunt. Quam libero numquam consequatur dolorum minus quas aspernatur.\n\nOfficia possimus ut vitae distinctio quidem harum. Est aut quibusdam laboriosam ut magnam mollitia. Et nostrum veritatis quibusdam consequatur praesentium repellat iure.', '1998-01-28 14:46:55'),
(3211, 521, 61, 'Quam nostrum placeat est voluptas. At est qui molestias iusto sit.\n\nNisi officia eum cumque ut enim. Modi cum qui quis molestiae at modi.', '2019-11-06 09:58:05'),
(3212, 521, 64, 'Corporis ut ratione excepturi amet dolores fugiat pariatur. Sunt consequatur deleniti facere fugiat et dolores fugiat. Cum reiciendis aliquam nulla qui minima.\n\nAutem animi quia dolores possimus nulla excepturi. Et quo voluptas corporis temporibus libero est reprehenderit incidunt. Quae et veritatis in omnis maiores sequi.', '1998-08-19 08:33:19'),
(3213, 521, 59, 'Quibusdam aut quibusdam fuga excepturi aperiam dicta. Laboriosam quia earum quia voluptas. Est occaecati quia sed eveniet eos corporis praesentium quod.\n\nRatione incidunt quidem autem voluptatem qui qui dolor sit. Rem quis eaque velit. Aut quo quis quam maiores perferendis.', '2015-11-24 11:54:03'),
(3214, 521, 57, 'Ad beatae officia earum illo totam consequatur. Vero cum quos alias laboriosam.\n\nMinus magnam quo laborum laudantium et veritatis dolorem. Aut eaque et consequuntur illo. Enim id nobis unde molestiae est ea. Provident ex unde laborum sint voluptatem dolor et impedit.', '1995-12-22 23:04:18'),
(3215, 521, 58, 'Quae dolores illum possimus dolor a illum ut. Nam accusamus nihil quod. Omnis architecto iste tenetur impedit voluptates amet corporis ipsa. Quia at eius quo dignissimos suscipit fugit veniam.\n\nQui et enim et enim. Eveniet consequatur qui nesciunt sint alias quisquam.', '2005-04-06 22:54:29'),
(3216, 521, 59, 'At ea expedita magnam et reprehenderit. Voluptatem non et similique et. Quam fugiat aut harum adipisci nesciunt molestiae. Eaque quam eius voluptas aliquid consequatur delectus earum esse.\n\nArchitecto molestiae incidunt unde ut enim quisquam ipsum. Dolorum dolores consequatur non officiis. Maiores a non voluptate qui ullam. Quidem officiis voluptatibus praesentium nostrum.', '2019-08-11 00:42:22'),
(3217, 521, 61, 'Neque doloribus temporibus est quis quas. Qui optio quas perferendis ut adipisci eos perspiciatis. Sequi possimus nesciunt omnis.\n\nEt delectus maxime ut. Recusandae dolore sed hic adipisci eum ad excepturi sunt. Ex tempora fuga rerum rerum voluptatem.', '1994-03-07 10:52:21'),
(3218, 521, 65, 'Consequuntur ipsam accusamus perferendis eaque ex ut omnis. Animi fuga voluptatem ut eius ad voluptatibus. Consequatur eveniet assumenda aut non explicabo nihil quis.\n\nOfficiis hic veniam nulla molestiae voluptas quia id. Reiciendis reiciendis consequatur molestiae voluptas. Tenetur sit aut quibusdam repellat ut quidem eaque rerum.', '2014-03-15 05:26:50'),
(3219, 521, 64, 'Temporibus aut repellendus non qui. Similique et eligendi et. Dolores et delectus reprehenderit amet rem adipisci ea quibusdam. Veniam natus itaque ut temporibus ex.\n\nHarum voluptatum voluptas soluta perferendis sint placeat. Possimus praesentium doloribus nostrum voluptatem est autem. Ea consequatur et ea a numquam fugiat. Repellendus possimus voluptatem et atque sint repellat rerum.', '2007-05-15 02:49:04'),
(3220, 522, 57, 'Distinctio ad voluptas praesentium suscipit perspiciatis eum recusandae ut. Consequatur consequatur officiis nam explicabo amet quidem. Dolor natus at ut sit rerum totam. Quasi aut asperiores rerum veritatis ut commodi.\n\nNemo earum deleniti vero voluptas fuga quae qui. Quo voluptate omnis quia.', '2004-02-02 12:10:35'),
(3221, 522, 61, 'Repellat quae officiis culpa in corrupti. Consequatur tenetur hic iusto quia quod.\n\nQuod beatae cum et et sequi et enim enim. Et quo optio tenetur nam amet asperiores minus. Autem necessitatibus soluta adipisci eaque ipsa ab. Quia ipsam ut quisquam deleniti quas.', '1993-01-09 08:51:23'),
(3222, 522, 58, 'Corrupti veritatis est iure veniam. Ullam modi eum provident facere consectetur aspernatur. Distinctio voluptatem consequatur et laudantium sit. Vel quia vero iure quia voluptas voluptates. Optio facere labore nulla doloribus deleniti illum.\n\nEt provident quia officia sed. Necessitatibus sint facere cupiditate non. Consequatur est et consectetur quisquam cupiditate et accusantium. Assumenda iste id hic aut.', '2018-09-28 21:08:09'),
(3223, 522, 61, 'Aut facere incidunt nihil perspiciatis nobis voluptatem. Cupiditate nisi excepturi voluptatibus molestiae. Vel dolores ea omnis vel.\n\nFacere harum aut impedit incidunt nemo. Modi deserunt esse repellendus sed voluptatem in molestiae sunt. Enim distinctio ab dolore dignissimos exercitationem totam. Impedit quibusdam saepe rem sed.', '1995-04-24 19:26:20'),
(3224, 522, 59, 'Ad quas sint maxime commodi molestiae eius. Qui quos officia ad odit. Dicta ipsum laudantium doloribus culpa officia optio voluptas nihil. Atque consectetur et cum quo.\n\nQuae omnis saepe et ut consequatur blanditiis. Architecto sunt totam aut esse. Et quia voluptates consequatur odit occaecati cupiditate.', '2003-07-19 18:02:51'),
(3225, 522, 61, 'Excepturi dolorem officia dolor aliquam harum voluptas animi illo. Voluptas perspiciatis cupiditate perspiciatis est quod ut et. Molestiae ipsa magni in minima. Eos sit iste sequi quo consequatur quae cupiditate.\n\nOmnis itaque sed id esse sequi quia. Ut tenetur minima necessitatibus nesciunt suscipit aspernatur labore. Iste quis tenetur voluptatem maxime et dolore est perferendis. Deleniti assumenda similique sed laborum distinctio.', '2016-05-20 17:15:18'),
(3226, 522, 61, 'Sit accusantium aspernatur ullam. Et est corporis asperiores recusandae hic aspernatur. Porro facilis veniam qui et quia magnam. Omnis sunt accusamus necessitatibus. Non nobis asperiores dolor quos officia.\n\nId quasi rem facere culpa. Sunt explicabo sequi et officiis vel at dolores rerum. Quis voluptatem tempore quae magnam. Dolore tenetur voluptas repellendus qui adipisci aliquid culpa provident.', '2014-08-13 15:53:40'),
(3227, 522, 62, 'Tenetur natus architecto sunt aut. In architecto eum commodi quae aliquam laboriosam. Error voluptatem et voluptas doloremque.\n\nMinus consequatur labore officiis. Est quia officia omnis ipsa iure quo laudantium quo. Exercitationem repudiandae maxime quia.', '1992-06-15 15:35:12'),
(3228, 523, 65, 'Porro quibusdam quo fugiat quis dolorum quas ipsum. Pariatur quia quis aut nihil. Ea omnis odit repudiandae non numquam illum.\n\nVoluptate quo consequatur nam error. Fuga saepe voluptatem expedita sint eaque esse maxime. Eos consequatur ea consequatur numquam voluptatem quam. Iure blanditiis eaque magnam maiores corrupti dignissimos. Vel et quia qui impedit.', '2000-08-17 05:10:25'),
(3229, 523, 63, 'At et tenetur quae nesciunt beatae voluptatem doloribus. Omnis cumque natus voluptate quis voluptas. Dolores quibusdam dignissimos voluptatem animi. Dolorum debitis quas nemo veniam.\n\nOdit hic ex iure omnis. Officia nobis ratione quidem et sit ducimus qui. Nam placeat voluptas eveniet fugiat numquam.', '2020-11-25 08:37:43'),
(3230, 523, 61, 'Facere eum sed maiores ut. Sint nobis quia eum sunt officiis. Rerum aut culpa modi.\n\nArchitecto amet iusto harum aut deleniti incidunt alias et. Ut nam voluptas aliquam nulla. Sit dolorum modi voluptatem.', '2010-07-06 00:05:43'),
(3231, 523, 58, 'Et qui fuga voluptas non provident quia. Et natus incidunt itaque ut et. Repellat natus vel voluptatem aut laboriosam quasi inventore esse.\n\nNisi sapiente neque voluptatem voluptas eaque sit ut. Dolores in quisquam est reprehenderit amet quae. Qui quibusdam autem praesentium labore unde voluptas.', '2010-03-08 17:59:51'),
(3232, 524, 63, 'Corrupti possimus voluptate dolorem. Quo molestias temporibus hic rem. Reiciendis amet esse est praesentium perferendis inventore. Omnis quia consectetur omnis error iusto eos. Vitae sed ut asperiores qui nihil voluptas consequatur.\n\nAt sit maxime voluptatem nisi est. Et ut magni quidem suscipit at distinctio recusandae. Debitis non corrupti architecto cumque aliquid optio.', '1997-12-28 22:39:48'),
(3233, 524, 57, 'Hic porro veniam ratione nihil maxime delectus inventore blanditiis. Aut praesentium autem soluta temporibus molestias ut. Iure aliquid similique et reprehenderit mollitia consequatur non.\n\nIpsa eum consequatur voluptatem et et accusamus non voluptatem. Modi optio repudiandae voluptatem. Qui omnis eum qui velit illum nobis necessitatibus. Aut omnis repellat incidunt qui.', '2009-09-19 04:46:29'),
(3234, 524, 57, 'Itaque et beatae magni eius necessitatibus. Voluptatibus temporibus vitae eum exercitationem sed. Molestias qui aliquam dolore non id eum harum laborum.\n\nEt impedit odit consectetur autem corrupti aut. Consequatur dolorum quidem minima quos consequatur. Beatae accusantium voluptas esse repudiandae repudiandae dolore alias rerum. Rerum officiis beatae repellendus.', '2008-11-26 19:04:47'),
(3235, 524, 65, 'Quasi expedita rem quasi porro et aspernatur. Odio aut exercitationem id vel rerum eos. Id vero quis rem sint.\n\nSit deserunt vel sapiente cum esse ducimus occaecati. Tenetur enim maxime dolor ipsam rerum molestiae id. Ab voluptate cum aut natus qui qui.', '1997-06-06 14:18:25'),
(3236, 524, 61, 'Asperiores enim qui corporis. Ab aut modi in possimus libero ut architecto omnis. Necessitatibus aut est suscipit consectetur ut ut autem. Quas rerum iusto omnis quo recusandae.\n\nAutem odit aut exercitationem dolorem officia alias temporibus nulla. Officia qui soluta corrupti beatae autem atque vel sit. Facilis et sed quia fugit reprehenderit sed. Quia sunt ut ut eos dolorum velit distinctio.', '2017-11-17 12:14:24'),
(3237, 524, 61, 'Aspernatur ea itaque in beatae molestiae. Non nihil natus ut ea ut sit.\n\nPerspiciatis nisi perferendis nihil enim. Nihil earum consequuntur autem accusamus praesentium neque cum tempora. Dignissimos qui modi inventore mollitia.', '2008-03-30 02:49:16'),
(3238, 525, 62, 'Vel ut quia dignissimos sequi voluptatibus reprehenderit. Dolorem molestiae ut eum in aut hic quis.\n\nEa cumque voluptatem veniam et odio. Qui quas blanditiis est explicabo esse. Id velit ex placeat aut velit qui et. Corrupti ipsum aliquam doloremque aperiam minima doloribus.', '2016-01-25 14:23:05'),
(3239, 525, 65, 'Ut optio dolore ab. Fugiat et enim odio omnis. Non voluptates id neque in eos suscipit exercitationem et. Odit nulla quia autem.\n\nExercitationem soluta nam voluptatem. Ducimus quas esse a occaecati ut. Ad porro aliquam qui. Est quia quae eveniet quo. Assumenda fugiat molestiae veritatis est architecto repellendus animi.', '2000-12-28 04:03:32'),
(3240, 525, 57, 'Perspiciatis veniam culpa dolorem mollitia quod. Id molestiae veritatis mollitia molestiae placeat saepe. Sit maxime iste accusantium.\n\nEt earum impedit dolores commodi. Enim voluptas aperiam deleniti saepe non sapiente ipsa. Porro nostrum quia doloribus molestias quod quam. Optio a enim sit assumenda. Natus dolorem illum fuga iure impedit praesentium cum.', '1997-05-16 04:42:56'),
(3241, 525, 62, 'Illo tempora porro labore ipsum sed. Facere debitis aspernatur corporis similique commodi voluptatem tempore. Deleniti dignissimos suscipit molestias aliquid debitis exercitationem. Ipsa aut placeat sint magni harum quaerat fugiat soluta. Velit dicta ut voluptatem dicta doloribus omnis aut.\n\nTotam qui ut soluta maxime. Nihil dolorum non exercitationem eos. Quibusdam qui aut laudantium voluptas necessitatibus temporibus consequatur.', '2007-12-10 08:13:59'),
(3242, 525, 63, 'Sunt inventore debitis ut totam a fugiat. Quam saepe molestiae non veniam. Et sunt ipsum modi est. Consequatur qui id ut sint omnis explicabo.\n\nSuscipit fugit est sint quam consequuntur consequuntur quia. Nobis eius nemo dolore temporibus velit laborum nam similique. Sed aut occaecati explicabo enim omnis aliquid laudantium.', '2012-02-28 07:11:51'),
(3243, 525, 56, 'Id sed nam delectus eos. Consequatur cumque voluptas odio et illo consequatur omnis. Est aut reiciendis vitae alias consequuntur quibusdam. Eos voluptates omnis amet odit praesentium iste.\n\nQuod aut at commodi eos. Mollitia saepe ut et et eius et voluptatem. Sunt voluptatem voluptas non unde nesciunt eveniet cumque saepe. Earum ipsam totam nostrum tempore odit quo libero.', '1993-06-17 08:05:22'),
(3244, 526, 58, 'Ut molestiae voluptatem sed perspiciatis quaerat quod deleniti. Optio saepe beatae beatae et repellat natus consequatur praesentium. Reprehenderit aperiam aut error doloremque aut totam.\n\nVoluptatem quaerat ipsum eius in. Repellendus quisquam repudiandae eveniet sit. Rem ullam accusamus harum autem corporis voluptatem ipsa a.', '2011-05-08 13:59:19'),
(3245, 526, 57, 'Nemo et est explicabo illo debitis nostrum. Impedit sint repudiandae neque. Et omnis aut quis sit nobis earum.\n\nDolorem blanditiis ea sequi distinctio. Consequatur quo repellendus porro similique. Incidunt provident dolores doloremque laborum.', '1992-10-05 09:20:09'),
(3246, 526, 61, 'Excepturi est id modi voluptate. Aut illo omnis non aut et est ut quasi. Et doloribus iure voluptates enim facere qui.\n\nRepudiandae sit quam rerum laborum quos. Id tenetur id numquam tempore incidunt dolore et. Qui ad quis distinctio reprehenderit veniam distinctio veniam. Et facere amet sint repudiandae suscipit reiciendis.', '2020-08-16 11:04:16'),
(3247, 526, 57, 'Enim pariatur dolores mollitia incidunt excepturi. Aut quia deleniti ea quo voluptas itaque voluptas.\n\nNam alias non odit est. Maiores at dolor occaecati ab. Esse harum deserunt similique iste. Id voluptatum excepturi ea autem quidem repellat quas ad. Ab quas optio dolores.', '2000-02-04 00:32:13'),
(3248, 527, 64, 'Perspiciatis nam reiciendis quia repudiandae ut ut et. Minima quas accusantium illum. Omnis consequatur qui ea consequuntur voluptatibus laborum illo.\n\nNihil provident veniam accusamus expedita sequi. Et impedit consequatur fugit qui. Adipisci magnam voluptatum delectus nisi illo.', '2006-08-12 23:42:14'),
(3249, 527, 56, 'Voluptatum esse molestias ut impedit est doloribus. Id asperiores quia consequuntur delectus qui maiores. Expedita iusto rem molestiae reiciendis.\n\nIn sed voluptatem fugiat quia. Dolore itaque porro culpa earum. Laborum ab unde aliquam modi odit fugiat rem. Necessitatibus beatae accusamus exercitationem omnis voluptas quo tempora. Odio unde quod cupiditate tenetur impedit animi ea quidem.', '2013-03-09 11:57:29'),
(3250, 527, 61, 'Est commodi corporis reprehenderit aut minus. Sequi nobis culpa voluptatem omnis et minus. Unde consectetur tenetur culpa itaque eos sequi assumenda aut.\n\nRerum voluptas aliquid magnam odio est. Sunt quibusdam enim accusantium possimus omnis omnis accusamus corrupti. Fugiat quidem sit quibusdam est magnam voluptates.', '2000-06-04 03:54:25'),
(3251, 527, 59, 'Excepturi quod in a voluptatem unde optio consequatur. Odit expedita maxime praesentium beatae voluptatem omnis. Itaque quas consequuntur quidem quia non voluptas. Ullam enim dolor ipsa autem omnis soluta impedit.\n\nEsse rem rem corrupti. Expedita enim similique saepe assumenda non qui. Sed suscipit aliquid qui dolore asperiores magni. Inventore aspernatur sed repellendus consectetur omnis commodi.', '2014-08-05 11:00:58'),
(3252, 527, 60, 'Possimus totam aut qui sed illo. Cupiditate quia veritatis adipisci. Nemo similique esse dolorum accusantium et.\n\nTempora similique libero quia ea illum non. Totam neque odit voluptas nesciunt. Repudiandae voluptatem culpa minima sint assumenda et assumenda. Officiis soluta animi repellendus non sapiente rerum blanditiis.', '2010-08-08 21:08:31'),
(3253, 528, 64, 'Sit voluptatem aut voluptates distinctio labore aut quisquam. Qui ratione voluptatem necessitatibus. Sapiente eveniet ipsa sit qui qui corporis. Debitis nesciunt voluptas laboriosam non.\n\nSint similique eos vero inventore fugiat deserunt nihil. Quia ipsa accusantium debitis quibusdam reiciendis sint. Animi perspiciatis quia et nobis cum omnis. Molestiae quia aut nisi sed quae non.', '1994-09-03 18:31:17'),
(3254, 528, 57, 'Temporibus mollitia repudiandae eum perspiciatis omnis cum. Consequuntur dolore quas molestiae sint.\n\nQuam consequatur ipsa sed ut. Quis in repellat et quo. Ullam doloremque nobis at quisquam aut molestiae. Et ratione ea et.', '1997-10-01 07:24:42'),
(3255, 528, 65, 'Quibusdam suscipit laboriosam rerum aspernatur. Harum ipsum et voluptas. Laboriosam nemo adipisci iste ut veritatis aperiam omnis. Tenetur eos nihil nesciunt cupiditate non animi aperiam.\n\nLabore debitis minus velit natus autem et. Voluptate sapiente omnis dolores nesciunt.', '1994-05-09 09:28:45'),
(3256, 528, 59, 'Corrupti et sed nostrum esse. Voluptatem dolorum earum sapiente omnis. Eligendi qui sapiente laudantium mollitia earum fuga.\n\nPerspiciatis est quibusdam nam dolores. Consequatur labore enim non voluptatem. Molestias eligendi minima perferendis porro et culpa. Corporis sit et cumque vitae ipsum voluptas.', '2006-02-16 21:52:21'),
(3257, 528, 62, 'Nostrum fugit quis fuga ut. Voluptas ea tempora commodi cupiditate et. Aliquid eveniet possimus atque accusantium aut voluptatem ipsam mollitia. Itaque facilis itaque officia a. Corporis ducimus voluptatem optio optio.\n\nVoluptatum in in corporis minus. Ducimus voluptas iusto officia delectus sunt.', '1992-02-08 02:08:18'),
(3258, 528, 65, 'Mollitia praesentium expedita sit rem reprehenderit alias. Consequatur cum sint corporis accusantium natus. Praesentium animi ea dolor asperiores quaerat distinctio officiis. Nihil hic molestiae omnis similique exercitationem.\n\nUt voluptate deserunt repellat quisquam officia ad. Alias perspiciatis et debitis iure ipsum. Et in unde adipisci ad omnis aperiam. Omnis placeat quos voluptatem quas possimus.', '1994-03-05 02:08:30'),
(3259, 529, 63, 'Commodi hic ut suscipit praesentium. Ex iure soluta tenetur ratione rerum occaecati pariatur. Libero occaecati eos omnis eius. Et dolorum dolorem laboriosam eum officiis in.\n\nQuas nobis non sint quam accusamus excepturi omnis. Exercitationem id animi repellendus quia et eveniet. Ut sed et necessitatibus commodi. Eos assumenda saepe veniam quia eaque.', '2021-11-10 05:33:38'),
(3260, 529, 61, 'Nesciunt unde ut dicta est aut asperiores. Repudiandae corporis rerum illum ex ducimus aut beatae. Dolorum non doloribus temporibus libero soluta nulla.\n\nVoluptas vitae officia reiciendis et aut ex. Et voluptatem minima et est beatae eligendi soluta fugit. Vero et hic minima reiciendis dolorum sint. Tempore occaecati velit dolorum sit optio aspernatur voluptas ullam.', '1994-12-19 21:45:11'),
(3261, 529, 60, 'Blanditiis suscipit illum odit eligendi. Expedita illum hic quos illo culpa quia. Voluptatem dolore in deserunt. Iusto ad dolorem in recusandae at molestiae quia. Sit reiciendis commodi animi quis porro aut impedit tempora.\n\nQuis rerum est quia et. Qui quas non voluptas ducimus at commodi occaecati. Recusandae odio nam vel deserunt autem vel.', '1997-11-22 07:32:05'),
(3262, 529, 62, 'Suscipit accusantium autem non. Officia quia qui voluptatibus sapiente consequatur et est aut. Nobis esse et odit praesentium distinctio ut harum.\n\nAmet labore rem sit. Quisquam et maxime animi officiis ut atque voluptatem porro. Provident aspernatur et itaque saepe ut.', '1997-08-19 02:27:36'),
(3263, 529, 58, 'Id ab dicta cupiditate et temporibus. Ut suscipit qui pariatur omnis vel cumque est. Distinctio dolorem doloremque rerum voluptas dolor non odit.\n\nPerferendis enim qui non aut voluptatibus. Dolor praesentium dolore aut laborum eos enim ut. Beatae impedit hic deleniti et quia maiores et. Harum qui omnis placeat praesentium fugit. Facere sint et delectus beatae reiciendis quia veritatis.', '2015-10-07 22:01:44'),
(3264, 529, 62, 'Perspiciatis animi adipisci qui molestiae cum minus quis soluta. Quam necessitatibus sit numquam tempora sapiente aut corporis. Similique minima temporibus cum dolore. Esse et itaque sit eaque. Est sit nesciunt omnis quo est et.\n\nLaborum illo nostrum architecto sunt sed voluptatibus qui. Architecto rem exercitationem consequatur voluptatem aut cum quia. Dolorum ut architecto hic voluptatem voluptates modi vero.', '2011-11-22 01:46:37'),
(3265, 529, 61, 'Est soluta et facilis expedita. Delectus quam nihil similique enim corporis quia. Rerum odio occaecati quos natus est repudiandae aut. Unde harum culpa officia.\n\nUt est sit sequi voluptatem rerum dolor. Ut eum quod explicabo quo sit dolorum nam. Eos consequatur voluptate quia est sequi consectetur accusamus.', '2014-11-27 06:21:36'),
(3266, 530, 56, 'Dignissimos ut impedit illum consequuntur sit. Sit mollitia sunt at. Ut quisquam maxime incidunt.\n\nCulpa deserunt dolor cupiditate ducimus provident quam commodi. Rem aperiam unde rerum. Accusantium at et laboriosam omnis est.', '2018-06-01 08:54:59'),
(3267, 530, 60, 'Et tempore tempore ratione suscipit. Dolorum ut amet est ea aut tempora.\n\nVel et corrupti dolor architecto. Ea autem commodi iure similique qui voluptatibus aliquid. Consectetur omnis et accusamus et et error eum cupiditate.', '2012-11-28 17:30:55'),
(3268, 530, 61, 'Repudiandae enim laborum non dolorum. Rerum accusamus pariatur et quidem optio. Corrupti molestiae ut minima reiciendis necessitatibus. Veniam cupiditate a tenetur similique dolor minima.\n\nQuos eos eum dolore. Omnis voluptatem voluptate odio porro perferendis aspernatur. Deserunt eius adipisci et neque maiores.', '1992-03-29 05:50:20'),
(3269, 530, 59, 'Eaque necessitatibus ea doloribus quidem aut vero. Minus eius eum qui voluptas quasi dolore est. Et molestiae velit sunt veritatis architecto non. Aspernatur porro molestiae atque aut aut distinctio est.\n\nConsequatur labore rem aperiam nostrum. Rerum et vero et ducimus at sed sequi mollitia. Velit dolores nihil quidem dignissimos quia. In laboriosam dolorum ducimus quidem et ullam nisi.', '2011-02-21 11:33:08'),
(3270, 530, 61, 'Fugit enim corrupti sed. Eius sapiente consequuntur libero voluptate odio. Facilis pariatur sunt ut consequuntur eaque. Et cumque eum vel eum sint molestias et.\n\nOdio asperiores eum vitae. Corrupti sit veritatis asperiores iusto eaque. Et veniam enim aut in minima. Eaque maxime voluptates alias beatae.', '2012-01-07 17:38:12'),
(3271, 530, 57, 'Sint rerum saepe eos similique. Expedita deserunt blanditiis possimus numquam sunt. Vel autem nihil qui consectetur eum.\n\nQuia voluptatem doloremque exercitationem accusamus. Et non voluptatem similique doloribus non aut iste. Ut quo vel accusantium aut illo. Velit culpa placeat dolores at saepe.', '2016-11-09 00:30:45'),
(3272, 530, 58, 'Nam autem est sint quae omnis. Qui consequuntur cum asperiores veritatis velit non ut. Aut unde corporis deserunt debitis.\n\nAlias molestiae quo eos. Iste in consequatur veniam ipsa. Et ipsum molestiae molestiae eaque voluptatem numquam. Inventore accusamus est dolor saepe quae animi cum.', '2020-06-12 12:33:19'),
(3273, 531, 56, 'Sed eveniet incidunt laudantium ab neque. Ut eius tenetur et accusamus omnis quis corrupti. Veniam quis harum dignissimos enim modi ad architecto animi.\n\nBlanditiis iure eveniet qui velit. Laboriosam voluptatum itaque cumque consequatur. Voluptas nobis rerum quo hic.', '2001-10-06 06:55:58'),
(3274, 531, 60, 'Fugit ipsa odio aut quis. Nam esse rem quia eos. Qui voluptatem nisi dolores dolorem alias aliquam.\n\nPossimus doloremque laudantium est non aliquid. Quod repellat voluptas pariatur et tempora doloribus. Quaerat inventore cupiditate voluptates similique explicabo. Placeat natus et eveniet praesentium nisi.', '1996-10-25 08:01:08'),
(3275, 531, 58, 'Saepe ut libero est et. Sit rerum ea eum eaque. Eos modi numquam unde. Eaque vitae in vel architecto. Harum itaque id nam non ipsam.\n\nMaxime tempore qui officia itaque. Magnam eligendi est pariatur repellendus nesciunt error eos. Optio laudantium omnis mollitia iste maiores. Ipsum et quos recusandae nihil commodi iure unde.', '2005-03-26 06:33:45'),
(3276, 532, 57, 'Eveniet suscipit deleniti quidem assumenda. Et hic voluptatem sed labore ullam id. Quos in quia cupiditate quod quaerat dolores. Impedit aut vel nihil et aut cum nesciunt. Ex consequatur in assumenda numquam autem.\n\nVeniam et ducimus enim ad. Voluptas molestiae quidem est quidem. Vel laboriosam minus sed natus.', '2015-02-26 17:28:46'),
(3277, 532, 59, 'Vero perferendis nostrum consequatur dolor. Sit sunt quibusdam pariatur exercitationem nemo odio. Ipsam occaecati unde quas in et eius fugiat soluta.\n\nMaxime sequi sed magnam. Omnis et molestiae corrupti quis.', '2003-06-12 13:47:47'),
(3278, 532, 63, 'Repellat ipsa sed nemo sunt illum fugiat provident accusantium. Voluptatem hic eos ducimus tempore.\n\nVero omnis consequatur voluptatem mollitia voluptatem et et. Repellendus ipsa unde velit a et qui officiis.', '2010-09-07 16:56:07'),
(3279, 532, 57, 'Qui consequatur inventore consequatur quas corrupti voluptatem saepe. Neque similique deserunt ad sunt mollitia nihil nesciunt. Animi consequatur aspernatur culpa necessitatibus provident natus non.\n\nTotam dolorem earum illum nostrum id. Error qui maiores minus placeat. Ab non molestiae neque consequatur aut ut.', '2001-03-06 12:32:03'),
(3280, 532, 61, 'Delectus vitae autem numquam sed omnis in. Repellat voluptatem amet eum et odit. Rerum vel qui delectus iusto quia cumque suscipit. Et dolor et numquam iure.\n\nNeque corporis ut pariatur accusantium sit unde. Aliquid ut repellat eos numquam amet maxime.', '2001-04-18 12:54:50'),
(3281, 532, 56, 'Qui architecto sit enim fugiat tenetur atque. Tenetur fugiat dolor magnam atque. Voluptatem aperiam ipsum et voluptatem. Voluptas iure eius et ad labore eum rerum. Provident nihil voluptas fugit eligendi aut.\n\nTenetur eius blanditiis non ut. Corporis occaecati consectetur consectetur sed nisi.', '2021-01-18 19:30:14'),
(3282, 532, 59, 'Dolorem mollitia nesciunt qui facilis molestiae eaque. Qui odit et omnis sit ut occaecati saepe. Blanditiis sit ut quia qui adipisci iste ad. Placeat voluptatem eos dolor voluptas quia.\n\nEst facilis maiores mollitia adipisci praesentium explicabo laboriosam. Omnis ipsa delectus quod ut laboriosam et tenetur adipisci. Dolor doloribus quo molestias impedit ab cupiditate laborum.', '2000-08-22 02:16:16'),
(3283, 532, 57, 'Provident voluptatem enim quia. Error architecto exercitationem voluptatem reprehenderit et. Quam harum est sunt id. Vel est exercitationem eius ea pariatur sunt reiciendis.\n\nId dicta quia sint laborum. Ab voluptas officiis quis quo deleniti non. Id consequatur omnis cumque non deserunt.', '2015-03-20 03:32:35'),
(3284, 533, 65, 'Doloribus vel doloribus labore quibusdam. Est ut neque dolor sunt sit eos quibusdam. Quod in iure voluptatibus qui. Corporis est et laboriosam repellendus suscipit voluptates est. Et eaque accusantium eos quam incidunt.\n\nIpsam aliquam quis natus illo. Libero enim iusto incidunt alias et nisi dolores qui.', '1996-03-27 05:34:52'),
(3285, 533, 61, 'Quia odio et qui mollitia necessitatibus. Sed ea tenetur temporibus perferendis accusantium modi magni. Consequatur tempora ullam cum exercitationem. Natus ad repellendus ut numquam quia dolorem sint.\n\nEt rerum iste voluptas officiis aspernatur blanditiis nam. Asperiores eveniet fugit ut nam rerum a. Veritatis aliquam non ipsam eos cupiditate odio. Explicabo quo quos delectus sint sint.', '2019-11-03 04:32:43');
INSERT INTO `comment` (`id`, `car_id`, `users_id`, `body`, `date`) VALUES
(3286, 533, 62, 'Beatae ea optio deleniti non veritatis. Tempore porro eius id exercitationem fugit. Molestias et aut tempore molestiae deserunt qui. Voluptatem mollitia eum qui voluptas optio officiis voluptates.\n\nVoluptatem quisquam in et magnam. Temporibus sunt quia reprehenderit labore. Earum odio recusandae aut repellat.', '2012-08-20 06:59:03'),
(3287, 533, 59, 'Vitae sed quaerat consectetur. Et aut officiis et culpa est voluptatibus quae. Nesciunt accusamus alias consectetur.\n\nDoloribus distinctio ipsum omnis aut debitis optio tenetur. Et dolorem perferendis vitae dolor repellendus quia. Quis amet ullam distinctio atque iure ducimus a velit. Ut inventore molestiae expedita.', '2018-05-16 15:50:22'),
(3288, 533, 59, 'Quibusdam nostrum autem necessitatibus repudiandae laboriosam et sint assumenda. Nam nobis rem mollitia id. Quo quo provident expedita aspernatur voluptate quibusdam consequatur et.\n\nSit eaque non consequatur quaerat. Dolor qui doloremque odio esse corporis cumque iste. Sunt quos suscipit occaecati. Voluptatibus et molestiae dolor consequuntur qui et.', '1999-01-11 22:55:14'),
(3289, 533, 62, 'Blanditiis dolor repudiandae veniam quos aperiam. Quia incidunt blanditiis et qui fuga. Natus eos illum sit aut saepe et.\n\nConsequatur repudiandae non officiis hic omnis dolorem. Non officiis earum debitis. Sed ipsum quo voluptatem ullam.', '1994-12-10 17:34:20'),
(3290, 533, 57, 'Labore est distinctio ipsum vero. Assumenda explicabo laborum nihil libero. Itaque necessitatibus dolorem ullam facere minus alias ut.\n\nUllam sint quod dolorum eum et iusto. Quo quis veritatis enim reprehenderit debitis. Voluptatem dolor ipsum animi deleniti nisi laborum voluptas.', '1998-04-09 08:58:59'),
(3291, 534, 62, 'Dolores sunt eum deserunt deserunt explicabo quis. Praesentium quas illo sapiente sit necessitatibus deserunt consectetur. Sed earum eaque velit ut.\n\nQuia facilis ipsa et deserunt. Mollitia non et aperiam. Repellendus veniam sint quasi quis itaque quia architecto corrupti. Quia odio minus saepe quae.', '2009-08-15 16:15:07'),
(3292, 534, 62, 'Et delectus laboriosam optio quam. Harum sit tempore similique velit ullam.\n\nDolor reiciendis pariatur ipsa omnis magnam velit consequatur. Molestias error id numquam et sint non mollitia. Nemo et natus eos officia eum. Minima nihil repudiandae esse possimus.', '1996-05-19 22:44:07'),
(3293, 534, 57, 'Modi quaerat necessitatibus ea dolorem. Aut doloremque qui vero et eum. Repellendus libero delectus amet illum numquam repellat tempora. Possimus consequatur debitis dolores doloribus hic.\n\nDicta est possimus incidunt animi. Ipsam non quasi unde numquam expedita fugit. Et quidem vel qui quia iusto iure.', '2006-05-10 12:18:33'),
(3294, 534, 57, 'Necessitatibus laboriosam aut veniam soluta laudantium deserunt quis. Exercitationem quasi qui eum unde ut. Aliquam ut voluptatem nesciunt perspiciatis accusantium. Voluptas est ut autem rerum.\n\nLaudantium sequi reprehenderit est repellat quo culpa mollitia. Quo praesentium tempore perferendis sed quasi. Eveniet vitae ea animi soluta quibusdam ea non hic.', '1992-09-29 09:44:59'),
(3295, 535, 61, 'Voluptatem necessitatibus mollitia voluptate praesentium non animi. Sit soluta laudantium aut accusamus dolor atque dolor maiores. Voluptas quis modi ut eos.\n\nEt fugiat tempore rerum fugit quas. Quo molestiae quia quia quisquam ea. Deserunt officia beatae consequatur.', '2004-12-13 18:49:11'),
(3296, 535, 56, 'Cum officiis ipsam suscipit delectus et repellat. Ut rerum officiis vero commodi nihil deserunt maxime.\n\nAperiam distinctio laborum vero beatae eum enim. Nihil voluptatum at qui aut. Quia non modi magni suscipit saepe in error.', '1994-08-31 16:40:55'),
(3297, 535, 65, 'Repellat ipsum et sequi sunt et. Tempore et magnam voluptas error doloribus perspiciatis. Rerum adipisci vel voluptas est atque qui.\n\nNulla qui sit ipsam consequuntur doloribus voluptatum dolorem placeat. Dolorum quas tempore repellendus est non magni fugit. In dignissimos provident illo omnis. Laudantium asperiores error ipsum odit rerum vero nemo.', '2009-12-28 02:30:17'),
(3298, 535, 59, 'Eum et adipisci quis natus et quis. Eius laboriosam voluptatem sed quos cum. Et tempora modi veritatis aut ut non perspiciatis eum. Minus ipsa omnis amet pariatur alias quaerat voluptas.\n\nAnimi sequi ex molestiae nisi voluptatem sunt quia. In fugit corporis assumenda quidem error. Sed nulla atque totam non nesciunt libero.', '2006-12-25 07:58:59'),
(3299, 535, 64, 'Provident doloremque repellat nihil dolorum distinctio temporibus aspernatur. Est consequatur impedit autem animi. Eius magni fugiat dolor vitae tenetur ad.\n\nSequi quibusdam similique beatae tempore. Sit nisi et aliquid aut corporis ut et delectus. Similique alias autem quo. Perferendis officiis asperiores amet.', '2001-10-23 16:07:59'),
(3300, 535, 64, 'Quisquam sed minus numquam quia. Dicta nulla ad itaque aut. Illum pariatur quibusdam facilis soluta minus sit. Non ut vero rerum.\n\nEaque ut alias quae est omnis placeat. Enim possimus sequi porro quia iste est. Nisi et non quidem. Distinctio quo dignissimos dolores. Eligendi corrupti rem quia in.', '2016-08-04 02:54:22'),
(3301, 535, 64, 'Sed molestias consequatur commodi ut dolorem nemo et. Animi distinctio repellat quis quaerat quaerat culpa. Autem id magnam qui voluptatum corporis hic cumque. Blanditiis aut repudiandae consequatur sed aperiam molestiae. Est est cumque cum.\n\nCum harum error quia eaque aspernatur molestiae. Corrupti error tempora libero. Provident eveniet nihil recusandae doloribus delectus et molestias suscipit. Facere saepe quisquam rem assumenda.', '2010-10-07 22:07:55'),
(3302, 535, 61, 'Necessitatibus culpa provident nesciunt et et consequuntur velit. Accusamus dolor eos fuga ut voluptates tenetur nemo. Adipisci ea voluptas et sunt incidunt. Ea necessitatibus consequatur repudiandae porro aspernatur recusandae qui.\n\nQuod nihil quia vero error earum perferendis. Et esse aliquid fugit animi nam. Alias non deleniti ipsa fugiat ut.', '2002-08-11 21:56:33'),
(3303, 535, 57, 'Quia maxime ut minus quam. Ad ut est et tenetur aspernatur fugit. Et maxime quia magnam deserunt quaerat non ea. Rerum enim dolor magni.\n\nUnde tempora illum delectus et. Excepturi deserunt occaecati beatae et. Dolorem nesciunt vitae odit omnis vitae fuga quia aut. Voluptatem quod esse amet in voluptatem fuga neque aut.', '1993-07-02 16:00:45'),
(3304, 536, 61, 'Officiis quaerat tenetur laborum ea voluptas. Optio enim consectetur quas quia consequatur. Molestiae molestias excepturi asperiores ut. Accusamus cumque eaque nihil nisi.\n\nVoluptas sequi sequi qui dolore laboriosam nihil. Voluptas ipsa voluptatem in libero.', '2020-08-23 03:42:45'),
(3305, 536, 63, 'Et et nesciunt ipsa vel inventore voluptatum. Sit atque consequuntur voluptas ut. Eius repudiandae ut corporis.\n\nConsectetur perspiciatis sunt tempora voluptatum autem repudiandae. Aliquam qui quos voluptas quisquam. Omnis id voluptas labore repudiandae.', '2012-11-06 14:54:12'),
(3306, 536, 63, 'Ullam praesentium tenetur ratione quae asperiores. Qui labore nihil quo explicabo in. Dolorum saepe aliquam sit sunt.\n\nOdit consequuntur eum tenetur voluptatem. Omnis ipsum eos ipsum ut vitae eum expedita. Molestias aut rerum aliquam asperiores. Deserunt aspernatur impedit autem iste vitae atque enim.', '2019-01-25 01:43:23'),
(3307, 537, 60, 'Dolor eligendi nihil velit voluptas et modi in. Quam esse qui quo et corporis delectus. Sed minus quaerat voluptate repellat iste.\n\nNon provident omnis dolores aut nemo. Ducimus officia quaerat voluptas rerum ab. Nihil aspernatur sunt neque repellat quibusdam dicta harum.', '2012-12-11 17:45:05'),
(3308, 537, 61, 'Expedita voluptatem sit recusandae odit est iste labore. Quo dolorem asperiores totam sed. Laboriosam cupiditate nemo amet autem est.\n\nNecessitatibus eaque quibusdam quaerat et consequuntur porro. Nostrum ad sint eos cumque. Nisi iure iure rerum dolor a.', '2019-01-11 11:19:14'),
(3309, 537, 65, 'Officiis minus dolor natus eligendi adipisci ducimus quos. Nemo dolorem quasi ut consequuntur consequuntur nesciunt maxime voluptas. Hic ut ut deleniti quia quae sapiente. Dolorum cum autem tempora eum qui sed.\n\nOdio natus ipsum ut aut. Ratione nihil corrupti ratione dolorem cupiditate totam. Sed explicabo nihil consequuntur possimus ut ullam sunt.', '2014-08-19 13:41:28'),
(3310, 537, 59, 'Aliquam ut ut id provident. Maxime distinctio est sed magni. Tempore qui exercitationem dolorem laudantium esse in architecto. Dignissimos placeat ea non numquam pariatur aut.\n\nConsequatur tempore velit dignissimos. Est unde nostrum exercitationem sequi natus quod qui. Sit mollitia autem qui beatae iste sint dolorem.', '1996-12-26 21:25:22'),
(3311, 537, 58, 'Accusamus et quam non natus dolorem quia quas. Soluta sit autem nisi ex voluptatem beatae ut. Placeat officia est a hic. Accusantium error facilis dolore ea voluptatem vitae sint.\n\nAd quam dolor sit nostrum. Qui exercitationem aut nostrum. Delectus odit est iste quod sunt blanditiis. Cupiditate possimus unde dolore mollitia hic molestiae.', '2020-02-14 23:52:52'),
(3312, 537, 64, 'Vel illum cum culpa et in beatae tempora. Et nemo non id. Dolores et quos tenetur.\n\nPorro voluptates commodi distinctio autem non tempora. Quia voluptas itaque deleniti expedita. Tenetur quo enim aliquid tempore impedit. Incidunt exercitationem vitae et ex laborum et.', '1994-05-20 04:53:54'),
(3313, 537, 59, 'Nihil vel facere voluptatum optio. At assumenda ut iure accusamus. Dolor quod ipsum ab fugit quia eos sed.\n\nEst debitis fuga tempore accusantium aut. Molestiae id sit debitis et. Est expedita et perspiciatis eaque. Quas laboriosam voluptas aut exercitationem tenetur.', '1995-01-02 22:32:47'),
(3314, 538, 61, 'Illo provident fuga cum dolorum. Voluptatem ea assumenda aut. Harum sapiente voluptates earum dolorum dolorem eum.\n\nRecusandae fugiat sunt omnis necessitatibus quisquam. Sit et id saepe quibusdam cupiditate adipisci. Est odio illum sit quia placeat.', '2012-08-23 05:50:46'),
(3315, 538, 56, 'Sit dolorem ab quia rerum. Illum laudantium voluptate enim repellendus doloremque aut quos. Eos nam omnis molestiae iure quis laboriosam.\n\nEum est omnis officiis atque ea. Sint molestias quasi voluptatem maiores libero odio sit sapiente. Ut quasi hic qui tempora dolore dignissimos. Saepe hic laboriosam alias corporis molestiae.', '2001-04-21 23:50:38'),
(3316, 538, 63, 'Eos expedita deleniti fuga fugit quod. Dolorum dicta amet adipisci corporis deserunt. Suscipit magni nobis ab dolores dolore harum eaque.\n\nReiciendis et autem at ut similique minima. Velit distinctio consequatur sint modi in sunt. Doloremque rem magni sit vero quam cumque. Excepturi non sit cumque iusto quisquam a ad.', '1995-05-19 22:16:20'),
(3317, 538, 58, 'In fugiat corrupti culpa provident doloribus culpa doloribus. Inventore saepe ipsam laborum asperiores.\n\nAut ab eveniet ducimus error praesentium aut. Officiis autem possimus et corporis. Ut nihil non qui ab nesciunt voluptatum voluptatem. Quibusdam doloremque tenetur molestiae sed assumenda. At voluptas laborum et quae et.', '1999-04-18 01:03:31'),
(3318, 538, 59, 'Eius pariatur assumenda et voluptatem. Laudantium vero animi dolores fuga. Vel repellat illo ducimus distinctio labore ea aliquid.\n\nSequi error id ut eum doloribus molestiae. Molestiae quia in quis. Voluptates ipsam soluta libero dolore enim ea. Voluptate explicabo dolor aut adipisci.', '2013-10-08 13:04:38'),
(3319, 538, 59, 'Et cumque et reiciendis explicabo dolorum architecto ipsa. Labore maxime eius incidunt recusandae laboriosam. Debitis est possimus quia voluptates earum repudiandae. Veritatis culpa et sit accusamus sint.\n\nUt voluptas qui maiores excepturi quam quas animi. Rerum culpa fugiat fugiat eos magnam at. Esse inventore maxime omnis cupiditate itaque.', '1996-08-08 07:07:35'),
(3320, 538, 56, 'Ut sed suscipit in asperiores quod. Possimus corporis quis dignissimos quod consequatur repellendus quisquam.\n\nAsperiores vel sed et nulla. Commodi ut velit tempora. Repudiandae sequi voluptas doloremque eveniet magni vero rerum.', '2012-09-11 21:19:55'),
(3321, 538, 56, 'Officia non quae dolorem qui optio. Sint corrupti et in minima dolor facilis qui. Corrupti optio eum aut est. Dolor et officiis perspiciatis.\n\nMolestiae possimus molestias commodi nam in natus. Aperiam rerum tempora mollitia at qui. In quo illo a odio voluptas eos voluptatum. Ratione aut distinctio eveniet praesentium harum.', '2004-09-07 15:04:22'),
(3322, 539, 65, 'Provident consequuntur similique dolorem totam optio. Laudantium ut aperiam autem soluta. Sint qui fuga qui labore quam incidunt. Aut autem tempora reiciendis odit qui.\n\nDebitis quos vel atque laudantium. Natus exercitationem animi optio in iusto officia sint. Aspernatur occaecati incidunt placeat nam debitis ipsam quo.', '2001-07-16 14:18:38'),
(3323, 539, 59, 'Quae et rerum atque consequatur nisi. Voluptas et vero beatae quod voluptatem. Cum molestiae quis qui dolores omnis deserunt id. Voluptatem rerum aut magni ut quaerat quia.\n\nNon sint vitae pariatur et voluptate sint. Fuga tempora delectus et modi. Accusamus perferendis voluptatem ratione qui sint.', '1994-08-24 04:54:18'),
(3324, 539, 59, 'Non animi consectetur iure officia sunt nisi. Nesciunt esse expedita sit eos vel magni.\n\nQuidem eos amet vero vel eius soluta et. Saepe vel iste molestiae enim. Enim ut voluptates esse dolores et in ullam.', '2013-01-03 23:07:03'),
(3325, 539, 62, 'Necessitatibus est aut deserunt omnis. Quia ipsa nisi voluptatem ut perspiciatis. Sit adipisci atque in rerum in hic fuga.\n\nLaudantium repellendus in omnis tenetur nostrum. Quia et quaerat est dolores excepturi. Sed omnis ut et at temporibus sed dolore est. Nam esse itaque beatae hic vero modi ratione.', '2000-04-02 14:26:15'),
(3326, 539, 56, 'Odit eos dolore quis et enim repellendus sapiente. Provident provident et doloremque ut labore. Dignissimos corrupti et beatae iste odit dolores id. Molestiae omnis dicta deserunt qui iusto. Perferendis et officiis sit consequatur.\n\nModi reiciendis beatae perferendis dolorum et. Ut sunt ut est necessitatibus recusandae nostrum neque. Consequuntur et et occaecati cupiditate dolorum rem in incidunt.', '2001-10-02 11:17:17'),
(3327, 539, 63, 'Dignissimos recusandae quas necessitatibus autem deleniti error et. Aut qui ut qui rerum quisquam deserunt. Vel atque quis illo tempore.\n\nDucimus est repellendus perferendis. Architecto illo ab aut fugit quod. Voluptas consectetur est quam est itaque accusamus. Est quis impedit explicabo sed quas id. Qui voluptas sit commodi molestiae.', '2002-05-09 09:14:42'),
(3328, 539, 60, 'Nemo veritatis alias consequatur. Vel hic accusantium est cupiditate quidem ullam consequatur. Neque repellat est perspiciatis error voluptatem.\n\nNumquam aliquid ea tenetur ut reprehenderit qui. Quibusdam tempora excepturi ut unde modi. Neque sit exercitationem non earum dolores iusto voluptatibus.', '1999-11-13 17:55:31'),
(3329, 539, 63, 'Aliquam rerum iure qui. Ex adipisci sapiente numquam eaque nostrum natus sint. Sint perspiciatis aperiam deleniti quidem omnis ad et. Laborum consequatur corporis rem commodi consequatur sint.\n\nMaxime debitis quae commodi consequatur vel distinctio totam. Quidem facere quia omnis quis qui qui dolores illum. Velit aliquam dolores asperiores dicta.', '2014-12-10 14:39:52'),
(3330, 539, 64, 'Voluptatibus libero natus sint enim dignissimos consequuntur ea sunt. Qui illo enim qui. Et dolore quo architecto nemo sit assumenda iure dicta. Itaque ut amet commodi dicta.\n\nEum debitis quod ut dolorem iusto aut. Dolorem quas nihil vero aliquam porro ducimus qui blanditiis.', '2000-02-04 06:20:14'),
(3331, 539, 60, 'Perspiciatis fugiat mollitia doloremque occaecati aliquam et iste. Dolorem assumenda sit qui eos occaecati. Ut dolores iure vel occaecati quibusdam.\n\nMagnam et sed aperiam ipsum. Est itaque quam labore possimus aut.', '1993-11-23 02:31:12'),
(3332, 540, 65, 'Atque hic iure quisquam illo qui labore quas. Non ullam eaque qui. Minus est porro aut fugit.\n\nEius voluptate qui earum voluptatibus. Voluptatem aut laudantium labore quia praesentium sit. Qui suscipit et sed asperiores quo saepe fugit. Voluptatibus vel voluptas aut eligendi sunt dolorum. Et nobis repellat unde voluptatum aut.', '1992-03-18 13:14:48'),
(3333, 540, 57, 'Quo explicabo at necessitatibus corrupti neque. Doloribus ea eum provident et. Ex corrupti dolor consequatur maxime qui quia. Et harum praesentium quis et. Et fugit consequuntur consequuntur recusandae vitae.\n\nUt itaque odio aut qui est laborum quo eos. Ut ut nulla qui sint magnam vitae odit est. Nulla quae rerum voluptatibus omnis.', '2010-08-12 09:16:12'),
(3334, 540, 64, 'Porro rem quos esse amet. Deserunt laboriosam voluptatem consequatur voluptas. Ut praesentium saepe incidunt explicabo. Blanditiis quia consequatur quia nulla autem nesciunt.\n\nAtque inventore magnam porro aliquid delectus dicta iure. Sed nihil consequatur voluptatibus ullam voluptatum asperiores. Sit earum veritatis ut quam est tempora.', '2017-01-04 19:56:18'),
(3335, 540, 62, 'Reiciendis omnis omnis reiciendis dolor. Aut non nulla aperiam consequatur autem sint et sequi. Velit sit totam aut. Voluptate non ipsa libero nobis necessitatibus culpa quae qui.\n\nVel nesciunt labore et exercitationem sint quia. Ex molestiae sunt officiis eos voluptas. Voluptas accusamus dignissimos deleniti enim cum minus optio. Ut qui sint necessitatibus aspernatur sequi.', '2013-03-31 18:23:03'),
(3336, 540, 63, 'Eius ut consectetur sunt eos iste. Qui nam sit et error est quibusdam nobis. Sunt consequatur doloribus ducimus aut.\n\nDolore distinctio nisi corrupti error illo delectus qui voluptatem. Ab at doloremque est recusandae aspernatur voluptas. Omnis quia reprehenderit illum. In aliquam voluptatem facilis et.', '1993-04-17 13:51:03'),
(3337, 540, 59, 'Dolorem earum quis repudiandae. Est temporibus optio nesciunt ipsum enim tenetur nihil. Accusantium maiores aliquid totam sint. Illo nisi natus et et.\n\nNam voluptate eum nam est architecto commodi tempore. Quisquam deleniti laborum distinctio itaque. Exercitationem et deleniti fugit voluptatem nobis.', '2001-02-16 19:05:44'),
(3338, 541, 58, 'Sequi molestias vero explicabo voluptatem officia. Suscipit qui quae praesentium. Perspiciatis ut vel et sint laborum non.\n\nPossimus iste perspiciatis pariatur sunt. Sed officiis et rerum quo.', '1994-04-08 13:56:44'),
(3339, 541, 59, 'Aperiam sit perspiciatis nemo tenetur quod repellat. Libero esse odit dolores est nemo. Quis facilis placeat eveniet dolor facere molestias. Voluptatem pariatur ut excepturi quia voluptatem.\n\nQui commodi sed et nisi. Atque quia nam illo. Animi repudiandae ea dignissimos quibusdam est porro illum. Eaque minima placeat possimus temporibus aut.', '1995-06-19 06:54:01'),
(3340, 541, 61, 'Et ut repellat aut qui dolore. Quidem suscipit praesentium provident suscipit. Sapiente tempora veniam et officiis et quam aliquam. Aut ut a ullam voluptatem temporibus optio asperiores. Consequatur culpa amet porro recusandae beatae dolor iste.\n\nTenetur necessitatibus est nobis consectetur dicta. Qui fugit laudantium repudiandae sint. Sed et et non ut repellendus.', '2003-12-14 23:06:13'),
(3341, 542, 62, 'Vitae ut debitis maxime enim cumque repudiandae rerum perspiciatis. Id ad et sit velit distinctio nulla.\n\nQuia illo reiciendis aspernatur dolorem distinctio. Et qui itaque laudantium ex facilis qui sit velit. Architecto dolore et velit ut quia quisquam eos.', '1993-03-21 22:29:20'),
(3342, 542, 61, 'Eligendi sed voluptate consequatur at veritatis necessitatibus odio deleniti. Laboriosam nostrum aut voluptas odio. Quia cum et dolores rerum qui deleniti. Consectetur consequatur est in et doloremque libero autem esse.\n\nImpedit quas nobis et sit. Quae quae necessitatibus ullam sit aut. Culpa ut id quis autem at quaerat illo animi. Est est quibusdam aut aut.', '2015-01-24 09:31:17'),
(3343, 542, 64, 'In vel voluptatem tenetur nobis aut qui. Molestiae similique quis et voluptates modi id ratione. Vero nulla omnis qui rem et.\n\nEst totam quam velit ut. Error qui aut itaque dolores recusandae ad atque. Voluptates dolore et minima.', '2020-12-24 05:00:18'),
(3344, 542, 61, 'Recusandae sapiente quia ut et dolore qui. Voluptas distinctio repellat asperiores fugit. Fuga aliquam non aut totam vitae.\n\nPossimus laudantium sit officiis dolore accusantium facilis dolor. Sit et quam ea illum porro possimus voluptatum. Cumque recusandae recusandae corporis totam sequi. Cum quibusdam quis omnis eum sint ea.', '2017-09-09 00:46:46'),
(3345, 542, 64, 'Dicta et pariatur natus excepturi laborum molestias architecto. Eligendi voluptas soluta esse qui laborum iusto.\n\nAut ut aut laborum dolorum itaque et hic. Quia repellendus tempore totam fugiat voluptatem officia iste unde. Consequatur atque consequatur aut quia pariatur in. In ratione nesciunt repellat.', '1999-07-17 17:38:46'),
(3346, 542, 61, 'Consequatur in libero quaerat eveniet adipisci molestiae qui. Optio reiciendis nemo explicabo facilis facere. In blanditiis quis quidem. Ab voluptatem porro voluptatibus et sint ut quia magni.\n\nAt quo eum occaecati ut aut est. Excepturi eos est et sequi molestiae consequatur et optio. Aut placeat omnis quisquam qui perspiciatis.', '1995-10-30 00:04:36'),
(3347, 542, 62, 'Minima qui quas rem atque atque aperiam ratione et. Placeat a nisi repellat. Similique minima unde nisi. Ab nisi harum qui velit non aspernatur.\n\nFugiat aut qui fuga ut omnis expedita in esse. Aspernatur ab enim provident eos quaerat quisquam. Amet repellendus velit rem excepturi. In non tempore qui quae quis. Soluta excepturi ipsum consectetur sunt ipsum et.', '2017-11-02 01:06:31'),
(3348, 542, 65, 'Perspiciatis dolor sed quaerat omnis excepturi error. Omnis magnam sit sunt ipsa ex et. Commodi pariatur dolorem soluta quia fugiat.\n\nAutem repudiandae excepturi architecto mollitia aut qui quisquam enim. Rem qui quidem libero. Velit ab eveniet aut fugit at. Quo aut ab iure.', '2004-01-23 16:06:19'),
(3349, 542, 61, 'Facilis eum quia est fugit. Expedita quod qui commodi optio alias eaque. Excepturi est ut dolor dolores est est consectetur modi. Voluptatem enim distinctio ullam maiores est dolores voluptatem.\n\nA illum temporibus et dolor. Eveniet eligendi at quo. Atque culpa incidunt quas quis veniam cupiditate cum. In et a assumenda exercitationem aperiam in ut. Iure dolores et odio culpa ab et qui.', '2021-06-07 10:31:05'),
(3350, 542, 57, 'Adipisci vel sunt quisquam eaque eos officia est assumenda. Fuga ipsam optio esse quia maiores quae.\n\nEst repudiandae sit aut possimus molestiae perferendis delectus. Qui nihil fugiat deleniti suscipit vel. Nihil veritatis unde et voluptas non consequatur adipisci. Rerum officiis est voluptate.', '2018-08-25 09:02:11'),
(3351, 542, 64, 'Veritatis dolor qui ad. Dolor qui deleniti sint voluptatem molestiae ratione maxime. Voluptate veritatis laboriosam ut qui et id.\n\nUnde voluptas ducimus voluptate qui rerum consequuntur ipsa. Corporis dolorem ex enim quia minus doloremque et.', '1999-09-27 04:21:03'),
(3352, 543, 64, 'Non blanditiis fugiat quae molestias corporis. Id deserunt corrupti officiis eligendi unde aliquam.\n\nRem qui repudiandae sapiente reiciendis. Quia est et excepturi fuga accusamus repellat. Ducimus ipsum soluta eius.', '1998-12-24 02:59:20'),
(3353, 543, 63, 'Harum ut et laborum in facere excepturi. Et ex veritatis sed consequuntur aut. Et vitae adipisci quos repellat et expedita.\n\nEt excepturi voluptas alias illum tempora impedit. Enim ullam enim quos est et.', '1995-11-01 03:22:19'),
(3354, 543, 65, 'Et tempore sequi est sapiente. Omnis sit incidunt doloribus eaque sed qui et. Tempora voluptatem itaque sed.\n\nQuia eos non enim odio voluptatibus tempora sit. Voluptatem omnis eum facere itaque eum tempora. Qui culpa qui possimus nisi cum.', '2019-02-11 21:08:17'),
(3355, 543, 60, 'Nam fugiat ut doloribus molestias eveniet. Qui natus rerum quaerat eveniet in sed libero. Voluptatem ut ut possimus et.\n\nDistinctio architecto necessitatibus ipsam voluptate qui. Facilis ducimus dolorum sint excepturi necessitatibus et. Minus non hic maxime laboriosam dolor aut et nisi.', '2014-08-03 23:33:13'),
(3356, 543, 65, 'Animi in ut omnis assumenda quia eos. Quia et ut necessitatibus voluptatem debitis minus neque. Sit iusto asperiores voluptas perferendis officia animi. Aliquam magnam qui sint architecto.\n\nNon cum quis quasi. Nihil recusandae quis tempora esse aliquam. Aperiam nulla qui ipsam error quia possimus.', '2002-01-19 18:19:33'),
(3357, 543, 57, 'Dolores illum quas voluptate qui. Nesciunt molestias odit qui sit similique beatae tempora. Nulla sint repellendus temporibus ea doloremque iure. Omnis aliquam repellat accusantium.\n\nIste voluptate adipisci velit. Est fugit et quod veritatis rerum unde voluptas. Reiciendis quis id delectus ad maxime perspiciatis.', '1993-11-28 09:23:54'),
(3358, 543, 65, 'Ex repudiandae placeat sed quo assumenda quam. Amet consequatur molestiae sunt debitis. Asperiores et perspiciatis consequatur provident at nesciunt. Eum aut facilis vel provident.\n\nQui deleniti neque odio distinctio minus. Dolores qui quisquam explicabo velit ut. Odio tenetur eligendi ut et. Accusantium deleniti mollitia tempora nemo. Provident quia ea impedit quam quisquam quia.', '2017-02-16 22:23:19'),
(3359, 543, 64, 'Quasi dolores totam sint aut explicabo quam deleniti. Distinctio quia blanditiis reiciendis exercitationem sunt accusamus dolore. Est sed aut reprehenderit eaque temporibus perspiciatis nam. Praesentium rerum quidem eaque alias molestiae corporis.\n\nAmet rerum sed aut provident. Voluptas aut ipsa similique vero velit dolorem aut. Molestias vel fuga temporibus aut.', '2011-12-12 22:58:37'),
(3360, 543, 56, 'Architecto earum quidem distinctio consequatur odio inventore. Quae natus optio ab magni officia corrupti tempore nobis. Est eum voluptatem similique et. Fugiat aut blanditiis optio doloribus laboriosam quia porro. Occaecati molestias debitis animi repellat inventore rerum aut.\n\nPossimus perferendis velit laborum quia voluptates. Et dolorem dolore illo corrupti reiciendis in. Voluptatem officiis voluptates iure. Commodi fugit et totam vitae id est.', '1993-12-18 22:36:29'),
(3361, 544, 61, 'Natus similique voluptatem delectus voluptatem temporibus qui consequatur saepe. Similique perspiciatis dolorum aut fugit ut sit laboriosam qui. Molestias sint nostrum ab accusamus et dolore aut.\n\nSit labore quisquam dicta minus doloribus voluptatem. Dolores quis et adipisci. Beatae autem velit voluptatibus quo ut. Sapiente vel sint libero similique facere porro.', '1993-07-13 11:29:31'),
(3362, 544, 56, 'Molestiae mollitia eius dolore rerum rem expedita eaque. Sit doloribus ut ad et quod. Iste maiores molestias voluptas magnam.\n\nOmnis aut nisi ut sed eius qui. Sequi animi quibusdam consequatur nihil voluptatem rerum. Ab asperiores rerum dolore architecto. Eos aut molestias enim placeat molestias illum molestiae.', '1993-12-17 03:43:03'),
(3363, 544, 64, 'Qui iste nam quia iste voluptatem porro ex atque. Accusamus eius aperiam ab qui optio. Laudantium debitis id sunt ut quo temporibus consequuntur.\n\nVoluptatem vel deleniti dicta numquam cumque. Odio atque labore blanditiis at. Quam quas et sint harum. Illo beatae quia adipisci.', '2014-07-06 09:34:22'),
(3364, 544, 64, 'Beatae quia est vel nam numquam. Nam facilis odio perspiciatis saepe nihil incidunt quo. Odio ut tenetur enim officiis odio. Consequatur enim magnam error voluptate et.\n\nEst est laudantium asperiores possimus aut harum. Cumque cumque velit voluptates voluptas impedit mollitia pariatur. Velit explicabo aliquid voluptates asperiores non in qui. Neque officiis porro quia exercitationem et perspiciatis.', '1997-03-10 19:24:47'),
(3365, 544, 57, 'Voluptatum sit doloremque ut sed. Earum facilis omnis provident illo sit adipisci fugit. Voluptatem ipsa possimus nostrum corporis.\n\nQuas corrupti amet vel enim. Dignissimos et cumque ut omnis. Exercitationem qui et sit corrupti officiis non. Voluptatum officiis omnis qui perferendis neque.', '2005-07-03 22:24:03'),
(3366, 544, 56, 'Asperiores voluptatem incidunt molestiae cupiditate adipisci atque. Quod assumenda fugiat tempora eligendi. In aut cumque consequatur possimus et.\n\nVeniam quisquam tempore excepturi aut harum. Et ut officiis dolor illo cupiditate in rem ut. Tempora provident est incidunt molestiae dolor. Aliquid omnis aut harum omnis eos nam possimus.', '2014-05-14 21:26:46'),
(3367, 545, 57, 'Sint tempore facilis odio fuga nihil numquam mollitia sunt. Est quasi quo maxime. Et est eum doloremque est eos consequatur.\n\nExplicabo accusantium voluptatem quis fugit ut omnis recusandae aliquid. Et dolorem sit et officiis. Facilis consequatur reprehenderit ducimus porro consequatur quia.', '2016-01-10 14:40:38'),
(3368, 545, 61, 'Provident quo vel pariatur et dolor consequuntur laboriosam. Nobis atque enim placeat possimus. Reprehenderit id culpa ut voluptates. Molestiae eveniet magnam reiciendis. In a et qui est aut.\n\nConsequatur voluptatem magni autem est minus ut. Praesentium odio nihil nemo non. Ex cum occaecati quibusdam sint sit. Repudiandae dolor voluptates deserunt modi culpa est alias beatae.', '1998-03-23 05:32:23'),
(3369, 545, 65, 'Et asperiores consequatur assumenda. Voluptatum eaque quia quis autem possimus. Ducimus ut velit in sunt aut labore ut provident. Facere porro dolore velit id necessitatibus repudiandae minima.\n\nOdit maxime esse adipisci consectetur odio molestiae. Placeat placeat voluptatem quisquam nihil repellendus nulla. Quisquam odit quo necessitatibus. Ex corporis labore ipsa suscipit est quis.', '2016-01-27 21:52:28'),
(3370, 545, 63, 'Non veritatis libero voluptatum dolor totam. Consequatur corrupti qui possimus saepe laudantium alias.\n\nLabore eligendi aut rem vero hic autem. Non qui quo ipsam et velit debitis. Ut ex facere pariatur aspernatur aut sunt.', '1992-10-19 07:32:42'),
(3371, 546, 57, 'Aut illo sit modi reprehenderit delectus assumenda neque. Accusamus rerum eius optio rerum eum. Quia consequatur distinctio natus ea facere.\n\nAperiam occaecati qui aperiam omnis sapiente qui molestiae voluptas. Nostrum ab a voluptatem omnis. Est quam et enim expedita minus ut voluptatem. Recusandae voluptas culpa rem minima.', '2004-03-20 00:57:43'),
(3372, 546, 64, 'Tempore repudiandae vel ab nulla soluta esse. Voluptatem ratione possimus ad incidunt quisquam. Aliquam esse numquam voluptas voluptatem.\n\nEaque accusamus nesciunt in qui et hic. Sunt labore odio pariatur sit eos itaque perferendis sint. Delectus voluptas saepe recusandae amet nesciunt soluta.', '2014-02-09 15:03:59'),
(3373, 546, 62, 'Autem mollitia et molestiae magnam. Eos expedita id cupiditate repudiandae nihil magni. Omnis amet quia provident distinctio. Dignissimos ut voluptate eum distinctio mollitia quia.\n\nEst vitae libero laboriosam neque. Rem ab aspernatur voluptatibus quidem est. Error ullam ipsum tempore ab suscipit quia.', '2002-01-15 20:57:09'),
(3374, 546, 62, 'Non voluptatum qui vel laborum animi accusantium dolorem. Non aut et sunt ipsum animi voluptatem nobis quo. Maxime nemo sunt voluptatem inventore natus ipsum. Eum odit rerum officia nobis.\n\nIpsum nihil animi id sequi non. Et sit voluptate alias et facere molestiae.', '1995-05-13 00:05:00'),
(3375, 546, 59, 'Eligendi asperiores incidunt occaecati ipsa quas. Odit qui non occaecati tempora. Ut exercitationem eveniet repudiandae ea dolorem unde et. Molestias aspernatur ad et maiores non.\n\nNatus est omnis doloremque ut unde sed maiores. Quae quasi est eaque asperiores. Tempora numquam consequuntur et dolorem laudantium.', '2015-12-20 10:11:24'),
(3376, 546, 56, 'Repudiandae illum libero omnis suscipit. Omnis id sint voluptatem neque et. Maiores nostrum consequatur molestiae porro occaecati nulla mollitia atque. Dolorum numquam ex aut vitae consequatur. Est at accusantium minima velit mollitia similique.\n\nNatus maxime cupiditate veniam expedita porro. Harum ut dicta numquam et libero. Expedita consectetur consequatur soluta veritatis at et. Aliquam alias quia quisquam sit ut.', '2006-10-04 03:02:00'),
(3377, 546, 64, 'Sit ea beatae dolores nobis. Occaecati aperiam non doloremque fuga ut asperiores laboriosam quas. Voluptatem in quia sit eaque alias autem vel.\n\nNobis id atque qui et rerum voluptatem. Nostrum quibusdam culpa ab ut sint. Blanditiis et est dolorem earum ex. Ratione sed ut pariatur quasi.', '2010-09-12 09:15:15'),
(3378, 546, 62, 'Quia aut est dolorem ipsam. Et quae sit quisquam doloremque laudantium esse. Quidem nemo laudantium recusandae repudiandae.\n\nDucimus exercitationem accusantium accusantium possimus molestias reprehenderit impedit. Eum omnis dolor cum eos aut nemo adipisci. Alias est voluptatem rerum fugit dolorem et ex non. Aliquid doloribus dolor sunt non in tempora.', '1994-09-05 04:54:40'),
(3379, 546, 62, 'Aut quos reprehenderit expedita rerum. Porro nemo aut molestiae cupiditate nihil quibusdam sint necessitatibus. Ex sunt labore et et qui.\n\nUt et veritatis id omnis. Minima ut nobis eligendi ex quia. Odio minima ratione minus velit mollitia. Velit ut optio laudantium fugiat ullam quibusdam facilis.', '1994-01-26 04:48:42'),
(3380, 546, 57, 'Quasi est dolore ratione sit. Veniam sunt omnis aperiam nihil. Magni eos ea ea numquam in porro.\n\nOfficia architecto delectus ducimus distinctio. Excepturi sed ab omnis ut. Veniam recusandae nobis nam itaque similique voluptates nihil. Distinctio est similique est id sunt consequuntur.', '2010-12-28 13:47:17'),
(3381, 546, 65, 'Dignissimos molestiae est laboriosam voluptas suscipit est. Quia voluptas quis qui inventore et et quaerat. Dicta dolores aut non atque natus consequatur soluta. Quis eos incidunt consequuntur rerum sint magnam.\n\nRatione ut ut dolor repellat est. Enim ad porro et temporibus sit ea laboriosam officiis. Aut laudantium quibusdam ullam est magni.', '2021-04-16 10:35:06'),
(3382, 547, 65, 'Rerum est rerum voluptate occaecati est officia fugiat provident. Rerum enim ut dicta quas. Dignissimos sed aut autem qui optio saepe excepturi quis. Omnis suscipit nisi veritatis dolorem.\n\nAperiam facilis et quis nihil perferendis quidem vel. Repudiandae occaecati dolorum repudiandae. Non deleniti ipsa accusamus reprehenderit ducimus in nostrum at. Dolor et vel sed iusto quia laborum eos.', '1999-08-19 01:50:39'),
(3383, 547, 57, 'Molestiae distinctio et expedita et qui quia. Sed illum ut consequatur impedit. Sit tempore quia dolore rem sit pariatur quam. Cum officiis voluptatum veritatis error ex exercitationem qui officiis.\n\nSint quae in iste hic. Voluptas alias omnis ratione autem amet saepe. Et ut consectetur aliquid maxime est aut.', '1998-07-16 12:43:01'),
(3384, 547, 65, 'Nam eos et tenetur quis quas. Ad sequi quo vel magnam enim modi. Et suscipit ea et est odit ducimus. Eos velit qui et saepe. Omnis facilis quisquam provident aut saepe placeat repellendus facilis.\n\nOfficia accusantium laborum unde aut et. Sed accusantium voluptas qui doloribus nobis magni enim. Quibusdam quod odio itaque.', '1996-07-03 03:36:06'),
(3385, 547, 57, 'Similique ea odit et mollitia. Optio est eius dolor ea magnam inventore. Commodi perspiciatis magnam atque esse sed. Possimus quo perferendis reprehenderit aspernatur excepturi eum qui nemo.\n\nArchitecto doloribus repudiandae hic eos id hic. Pariatur est inventore exercitationem earum incidunt. Magnam qui maxime culpa et nulla. Aut vel et iure architecto assumenda.', '2015-02-20 04:22:48'),
(3386, 547, 64, 'Omnis et minima voluptatem. Tempora corporis quas aperiam ipsam culpa.\n\nTotam dolores optio eos qui nemo. Laudantium enim exercitationem sed voluptatem deleniti. A eum id quos et molestiae.', '2020-01-29 07:39:26'),
(3387, 548, 60, 'Molestiae aut quia et saepe ut. Facere officiis cum cumque qui eveniet aliquid. Eum omnis alias iusto repudiandae omnis quaerat. Minus expedita cumque odit ut quaerat quaerat et.\n\nQuo eum nam possimus consectetur. Laboriosam aut pariatur asperiores quis. Omnis velit et esse quia occaecati.', '2004-07-30 05:16:49'),
(3388, 548, 62, 'Repudiandae odio dolor qui eligendi voluptatem. Repudiandae eos quod ut eius sit magni non sit. Blanditiis possimus aut tempora omnis. Officiis aut id alias facilis eum nisi sit.\n\nNatus est eum aliquid incidunt exercitationem molestiae molestiae a. Sed molestiae odio provident qui. Sed explicabo esse qui ea sed voluptas quos. Saepe animi occaecati asperiores magnam.', '1999-05-29 15:34:04'),
(3389, 548, 62, 'Expedita omnis et et debitis facilis. Et incidunt fugiat sint architecto. Aliquid facilis cumque temporibus.\n\nUnde culpa officiis tempore. Molestiae et aut magni iste quas repellat. Voluptatem facilis saepe voluptatibus voluptatem et.', '2005-05-02 15:13:32'),
(3390, 548, 60, 'Quae ipsam vero nisi consequatur magnam architecto reprehenderit sed. Ipsam ex error unde a. Voluptas officiis perspiciatis velit quis ducimus porro. Unde possimus voluptatem sint.\n\nMinus doloribus omnis ut at deleniti voluptas. In aut magni modi numquam quia minima voluptates ut.', '2015-09-17 02:58:43'),
(3391, 549, 65, 'At expedita sunt reprehenderit labore. Minus sunt accusamus ex dolorem rerum ea. Non necessitatibus facilis rerum sed error. Ab perspiciatis molestias odit iusto quam et nesciunt quo. Molestiae molestiae ut ipsam facilis.\n\nMinus quae accusamus sunt et. Sit et soluta debitis quis tempora et. Voluptatem et fuga dolorum et totam.', '2007-12-24 20:42:06'),
(3392, 549, 59, 'Dolorem ut a quam voluptatibus harum ipsa omnis. Doloribus et iusto atque beatae quia et qui. Minima aliquid maxime aut deserunt facilis et necessitatibus. Laudantium cumque voluptatem veniam quas nobis voluptatem et facere.\n\nUllam est voluptatem omnis vel rem et iusto. Nisi voluptatem aut sit magnam recusandae. Totam hic esse omnis sapiente aut dolore. Culpa eligendi quo aperiam quidem ipsam ducimus.', '2005-09-14 20:15:46'),
(3393, 549, 62, 'Voluptatem rerum non error earum consequuntur porro officia. Dignissimos iste autem doloremque provident dignissimos eligendi quas. Magnam veniam ad magnam eligendi earum commodi. Ut odit beatae hic exercitationem rerum. Voluptas at praesentium eius.\n\nReiciendis delectus totam perspiciatis voluptatem. Repellat quam quibusdam dicta voluptatum minus aut nostrum repellat. Rem iusto totam sit voluptatem ad. Perspiciatis voluptates sunt aut distinctio provident aut quo.', '1993-06-29 22:43:24'),
(3394, 549, 57, 'Sint et sapiente consectetur quia qui nobis accusamus. Rerum ut assumenda quae vel quo omnis. Quas consequuntur dolore laborum ex esse.\n\nLaudantium voluptatem non consequatur impedit. Cum aliquam dolorem laboriosam quaerat saepe blanditiis voluptatem. Qui porro sit cupiditate odio nam placeat.', '2007-02-25 08:20:01'),
(3395, 549, 61, 'Rerum placeat iste itaque possimus aliquid quis ut ab. Neque harum consequuntur commodi aut ex.\n\nModi vel libero quis voluptatum. Quia consectetur eos et est porro voluptatum veniam. Magni illo non voluptatem mollitia nemo.', '2020-12-20 21:01:26'),
(3396, 549, 65, 'Et velit placeat vitae consequatur ipsa aut itaque eveniet. Dolores qui deserunt qui. Vel et aliquid cupiditate qui. Earum nulla aut voluptatem sapiente beatae unde sed a.\n\nQui commodi sit autem maxime vel et. Enim aut rerum non dolor ipsum qui voluptatem. Eveniet et aut ipsa est.', '2000-03-02 10:22:19'),
(3397, 549, 65, 'Eos animi nisi consequatur accusantium consequatur autem eaque. Rerum ut inventore doloribus qui aliquid corrupti consectetur. Consequatur quia doloribus numquam. Alias quaerat ipsum ut inventore totam nemo.\n\nEa enim quam praesentium et architecto fuga assumenda laudantium. Minus quidem perferendis laudantium id.', '2003-08-29 14:41:02'),
(3398, 549, 62, 'Adipisci et est nulla sapiente minus et. Ut beatae perspiciatis officiis incidunt ut. Laborum minima totam quia eveniet.\n\nVoluptate vel tempore culpa. Quia voluptatem velit pariatur fuga ea modi odit. Quia minima cumque iure.', '2009-09-09 11:54:53'),
(3399, 549, 61, 'Eum aut et minima dicta. Quia earum libero natus alias explicabo. In amet ut eum quidem magnam.\n\nOfficia aut aliquid suscipit. Qui dolorum inventore voluptatum exercitationem sed et dolorem. Sunt cum aut enim iste possimus aut hic. Est iusto nesciunt unde maxime modi facere quia.', '2001-10-19 22:26:23'),
(3400, 549, 58, 'Culpa dolores non quos sed. Veritatis ad error incidunt quis qui et qui. Sequi iure quibusdam rerum.\n\nAnimi ipsa cum mollitia ad in. Illo et nostrum odio omnis et repellat. Dolorem qui non ad non. Possimus ab reprehenderit placeat modi quia quis modi. Unde atque consequuntur occaecati delectus.', '1994-09-27 10:35:37'),
(3401, 549, 57, 'Perferendis temporibus sed rerum molestiae sunt ea. Beatae ad aut aliquid dolores exercitationem repudiandae. Doloremque error fuga veritatis iusto. Quia minima cumque reprehenderit et occaecati.\n\nIn rerum consequatur illo quia quisquam non accusantium. Dolore nam harum velit eos eum sunt. Repudiandae laudantium ducimus non dolorum. Laudantium at explicabo ut quia voluptatem.', '1995-08-13 07:36:13'),
(3402, 550, 57, 'Veniam soluta est nostrum fuga consequatur quidem molestiae ducimus. Ipsum aut et id ea et. Ipsam inventore aperiam soluta voluptatem.\n\nLaudantium aut autem unde harum aut nisi. Itaque placeat molestiae porro reprehenderit. Molestiae accusantium omnis officia vitae quia voluptatem et.', '2009-04-18 15:41:32'),
(3403, 550, 59, 'Qui rem animi a aut. Non ipsum dolorem harum rerum recusandae. Repellat veritatis doloremque rerum ut nobis perferendis laudantium.\n\nFacere iusto praesentium suscipit eum. Aspernatur molestias delectus vero nihil. Odio dolor libero natus. Qui sapiente eligendi aspernatur aut accusantium non dolore.', '2020-01-11 15:18:58'),
(3404, 550, 63, 'Est libero atque dicta ut veritatis eveniet nostrum odit. Architecto qui qui maxime. Impedit repellendus amet voluptas dolorum itaque veritatis. Deserunt labore molestiae accusamus facere.\n\nEligendi asperiores quo ut voluptatem. Et dignissimos numquam accusamus consequuntur libero aut et. Dolorem ad dolor commodi repudiandae dolor nemo corrupti rerum. Aspernatur reiciendis asperiores animi cum non.', '2002-10-05 05:41:24'),
(3405, 550, 59, 'Quasi deserunt quia autem aspernatur enim. Voluptatum asperiores exercitationem id aliquam. Omnis corrupti adipisci ut nulla laudantium delectus quia eveniet. Non id omnis doloribus suscipit dolores deserunt.\n\nFugit quia non provident est. Placeat corporis at minima nesciunt id placeat. Eum est voluptatum quo et voluptatem ducimus. Molestiae est modi ea assumenda eaque dolorem voluptates.', '2014-12-09 13:03:19'),
(3406, 551, 59, 'Perspiciatis exercitationem nihil sit est culpa quam. Dolore ad et quas fugiat quia dolores beatae. Esse consequatur est praesentium itaque tempore et architecto. Fugit laborum qui ut consequatur provident eum est.\n\nSed expedita tempore vero aut totam non maxime. Et ducimus quo cumque quisquam aut. Minus et cupiditate omnis voluptatem minima.', '2010-01-22 03:29:14'),
(3407, 551, 60, 'Ipsum architecto quisquam molestiae impedit ducimus consequatur nesciunt et. In molestiae voluptas eligendi dicta delectus quas ut. Amet optio aut libero et eos excepturi. Qui laboriosam blanditiis autem fugiat.\n\nVero officiis fugit rem ut error aliquam. Non rerum quos soluta omnis eos ut unde. Id debitis ea non quibusdam voluptas ad non. Libero cumque nesciunt unde vel provident earum.', '1993-09-13 01:12:32'),
(3408, 551, 61, 'Sed ducimus aliquam nobis. Voluptatum ducimus rerum aut magnam quis sit quia. Alias nostrum omnis voluptate et. Sed impedit eum amet qui id.\n\nQuas esse sed nam voluptas dolores ducimus. Vero vitae ut voluptatem quis.', '2011-04-14 10:50:06'),
(3409, 551, 64, 'Cumque omnis dolor maxime earum placeat iusto cum. Corrupti sed perspiciatis error non. Beatae qui ducimus vitae alias qui.\n\nReiciendis et aut repellat placeat repellendus dicta. Est temporibus sint aliquam quae officia sit. Qui et deserunt aut est. Sequi sunt illo fugiat qui velit.', '1999-10-11 09:29:22'),
(3410, 551, 61, 'Velit id iusto ullam eveniet eveniet. Provident quibusdam quia ut impedit. Praesentium et at inventore amet voluptatem incidunt.\n\nVeritatis maxime at est sunt voluptatem. Quis animi eum repellendus. Non veritatis blanditiis nobis inventore ut enim.', '1993-02-26 03:28:28'),
(3411, 551, 64, 'Et beatae molestiae a temporibus aut quis aspernatur. Esse totam nobis ut delectus. Quo ad officia et odio ipsum officiis enim. Velit pariatur est voluptatem.\n\nSunt molestiae reprehenderit aut deleniti quo aspernatur qui. Dignissimos nihil quos dolor. Cumque impedit ut quae quia.', '2001-04-30 19:24:24'),
(3412, 551, 60, 'Natus quia illum nisi. Non explicabo qui reiciendis magnam. Repellat dicta quas molestias sit commodi sunt nobis.\n\nAut labore aut maiores ut. Tempora aliquid illo porro dolor. Eveniet nulla autem itaque quidem. Necessitatibus dolor amet modi corrupti quisquam inventore voluptatum.', '2005-05-31 14:53:25'),
(3413, 551, 64, 'Sed at assumenda optio qui qui asperiores perferendis. Dolores amet sunt et qui omnis ut tempora. In et blanditiis veritatis commodi et sunt. Eum numquam qui ut libero dolores.\n\nUt dolore facilis maxime voluptatem ex. Porro voluptas fuga aut odio laborum est. Quia inventore consectetur dolores similique qui officia quia. Exercitationem nisi natus minima.', '2005-07-23 21:10:40'),
(3414, 551, 56, 'Repellendus sequi ea harum repellendus dolores. Sed reiciendis tempora sint. Aspernatur et quia enim ea. Nulla modi rerum et id ut.\n\nRatione odit eaque eos soluta ab non sed consequatur. Consectetur minus minus illo harum qui. Sed qui eius totam. Rerum et dolores sint.', '1996-10-31 07:55:43'),
(3415, 552, 62, 'Et praesentium vel rerum aut similique. Numquam voluptas delectus quas suscipit. Laborum reprehenderit et eum voluptas. Modi laboriosam earum sint qui quis illo quia.\n\nConsequuntur excepturi qui aut natus sed quas omnis ut. Voluptatum eum architecto dolorem molestias. Non nisi ut perspiciatis sit et debitis dolore. Consequuntur voluptas quia accusamus molestias sapiente.', '1996-03-31 19:44:36'),
(3416, 552, 64, 'Rerum sed id eligendi dolores in omnis. In deserunt qui voluptas et possimus. Repudiandae possimus voluptates vitae quia.\n\nPraesentium minus labore nihil et sit. Accusamus debitis voluptatem sunt iure assumenda. Sed eum vel alias odio id vero. Consequuntur quis aut provident exercitationem.', '2014-03-15 11:48:16'),
(3417, 552, 63, 'Optio ea provident nobis minima dignissimos aut. Doloribus dolorem tempore accusantium omnis non placeat. Odit qui odit ut eum ipsam.\n\nMolestias delectus ducimus placeat enim. Quibusdam dolor voluptas in natus ut illo excepturi. Aut molestiae rerum aut. Eum ratione sed consequatur officia ipsa.', '2019-01-22 12:00:39'),
(3418, 553, 58, 'Dolorem voluptatem esse cumque. Et facere dignissimos quo saepe voluptas fugit mollitia. Debitis tempora explicabo a quae sunt animi et. Non atque at sit maxime.\n\nUt illum sapiente est quasi ab. Velit et quam consequatur sit porro nulla temporibus. Aut quisquam ducimus provident blanditiis debitis illo nostrum.', '2005-08-26 23:44:46'),
(3419, 553, 58, 'Et praesentium et neque aut quas eos vel quia. Totam autem pariatur et impedit distinctio porro nesciunt officiis. Eligendi reiciendis molestiae veritatis. Repudiandae similique nihil ullam dolorum. Et culpa aut in.\n\nError magni eos dolores a sit repellat. Laboriosam ipsa sed omnis ex eligendi iste et voluptatibus. Temporibus possimus esse eligendi doloremque. Et repellendus nisi cupiditate incidunt consectetur dolor earum.', '1995-05-20 17:15:43'),
(3420, 553, 60, 'Explicabo perferendis aliquid eaque cum nesciunt atque. Qui quis odio velit recusandae ea rerum. Sapiente ut ut numquam ut ipsum.\n\nVoluptatum occaecati quod placeat a quia quo aperiam. Est odit aspernatur placeat. Aperiam et ducimus possimus optio unde.', '1995-10-08 01:41:57'),
(3421, 553, 56, 'Quae voluptatem cum voluptatem iusto. Tempora voluptatum enim et et. Soluta neque molestiae expedita repudiandae beatae sunt.\n\nMaxime perferendis sunt facilis et adipisci perferendis alias. Blanditiis assumenda fuga dolorum velit sint modi illo. Dolor qui tenetur repudiandae omnis omnis quos. Ea quasi illum corrupti explicabo quibusdam voluptatibus. Hic in quia inventore eum sint.', '2007-08-19 07:08:47'),
(3422, 553, 56, 'Rerum quaerat vel ratione. Id sapiente est porro illo velit quia consequuntur. Numquam quod dignissimos dolor. Est aut qui mollitia id occaecati sit.\n\nEt enim iusto fugiat. Quasi cum laborum ut facere veritatis nesciunt omnis. Earum et reprehenderit dolor. Illum corporis omnis non eum.', '2011-08-20 23:30:04'),
(3423, 553, 61, 'Est ducimus dolorem et. Nesciunt reiciendis numquam perferendis sapiente qui ex vitae. Explicabo quam aut laudantium aliquid dolor. Molestiae alias ducimus repellat ex aut quia rerum.\n\nReiciendis aliquam voluptatem temporibus qui eum aut aut. Saepe iusto adipisci sed magni. Aut nobis et rerum.', '2007-04-20 15:39:12'),
(3424, 553, 64, 'Ut corporis sunt voluptas voluptatem consequuntur. Provident suscipit quia quia aut dolore quibusdam consectetur. Nihil iusto autem necessitatibus dolor pariatur sequi distinctio.\n\nSed ex eum sit qui voluptatem ad. Fuga consectetur ut voluptates sed. Ut esse eos rerum voluptatem quaerat ab commodi. Quam vel impedit tempora eos cupiditate non accusamus.', '1998-01-14 19:00:06'),
(3425, 553, 62, 'Eveniet asperiores rerum voluptatem voluptas magni magnam. Repudiandae placeat sunt voluptas odio. Expedita sit mollitia aut.\n\nQuia laboriosam facilis enim explicabo doloribus. Iusto quis ducimus culpa sit sit voluptatem. Dolorem quisquam aliquam soluta tempora. Voluptatem non suscipit at in in repellat.', '1996-04-11 02:45:08');
INSERT INTO `comment` (`id`, `car_id`, `users_id`, `body`, `date`) VALUES
(3426, 553, 64, 'Magnam aut ducimus aspernatur placeat assumenda voluptates reprehenderit. Qui ea deserunt eos dolores sapiente dolores. Magni delectus eos deleniti error harum ullam. Sed omnis quas quasi eum necessitatibus minus non. Minus hic harum quidem perferendis.\n\nCorrupti ut nobis consectetur numquam possimus quisquam dicta velit. Aperiam consequatur minima sapiente. Quis provident quasi itaque sit. Sint necessitatibus impedit in.', '1998-12-03 17:49:54'),
(3427, 554, 63, 'Autem quidem itaque quisquam similique officiis. Aut quaerat ut qui cupiditate dignissimos. Voluptatem debitis quis reprehenderit.\n\nA et fugit corrupti non. Ea est corrupti vitae modi non eos aut. Id dolorem iure qui nihil sed.', '1998-11-13 04:40:09'),
(3428, 554, 63, 'Accusantium ut nulla consectetur iusto id saepe perspiciatis. Recusandae cum ea aspernatur et.\n\nEnim suscipit quasi eos odit. Esse doloribus nulla omnis laborum est blanditiis suscipit. Numquam impedit repellendus rerum doloremque consectetur dolorem occaecati.', '2007-09-06 03:15:14'),
(3429, 554, 63, 'Error quis voluptas qui odio. Autem fuga sed aperiam illum. Ut voluptate et consequatur nihil odit non. Non distinctio labore soluta natus minus nemo omnis.\n\nDolor quia et animi. Vero omnis aut non ullam. Maiores dolores facere minima provident temporibus recusandae reprehenderit.', '2001-01-11 01:05:16'),
(3430, 554, 63, 'Et ad neque et nemo vel. Sapiente doloremque eligendi at eos quos. Cumque nihil tenetur temporibus molestiae consectetur provident.\n\nTenetur reiciendis quod incidunt. Porro est fuga aut est in. Consequatur perspiciatis delectus ut alias rerum reprehenderit quos. Quasi est voluptas et aut id ratione. Est sit molestiae tenetur illo.', '2013-10-02 03:06:20'),
(3431, 555, 56, 'Est pariatur qui itaque sint illo impedit. Molestiae aut dolor cupiditate distinctio odio dolores aspernatur quibusdam. Voluptas repudiandae nihil dolores aliquid et.\n\nEt tenetur porro sit quis minima. Blanditiis nulla porro explicabo placeat id rerum. Qui quisquam expedita possimus suscipit doloremque. Unde itaque dolores quis voluptate est.', '1997-10-24 03:50:09'),
(3432, 555, 58, 'Dignissimos ipsam et consequatur voluptate cupiditate aut ea. Neque deserunt repellendus sit eos. Ut natus ea aut deleniti voluptatem commodi sint. Minima enim fuga itaque occaecati placeat doloremque consequuntur dignissimos. Aperiam nobis qui mollitia.\n\nSit quo voluptatem in dignissimos esse omnis. Quidem molestiae officia facilis non. Tenetur neque dolor quis qui tenetur.', '1997-10-05 05:32:05'),
(3433, 555, 56, 'Dolorum et maiores dignissimos voluptatem ut voluptate. Beatae aliquam sunt est nisi inventore. Magnam molestiae aliquid quaerat.\n\nQuia aut minima id doloribus velit eaque. Atque voluptatem ratione dolor magnam vero et sint. Optio voluptatem sit dolorem qui distinctio eum commodi.', '1994-10-08 15:41:54'),
(3434, 555, 62, 'Ad soluta atque voluptas et. Unde qui necessitatibus rem optio. Et quia officia earum nisi necessitatibus consequatur eos. Ea soluta et atque tempore eligendi veritatis.\n\nEaque quia et est quos. Saepe asperiores earum soluta. Sunt nobis necessitatibus nobis placeat laborum facere alias sint. Labore corrupti dicta quis laboriosam qui.', '1996-07-11 11:51:31'),
(3435, 555, 62, 'Velit sint velit est. Impedit ut voluptatibus eveniet rem officiis.\n\nDelectus maiores nesciunt fugit molestiae nesciunt cumque non. Sit quia id omnis qui nihil. Consectetur quidem ut ducimus tempore libero voluptatem. Inventore sequi dolor illo sunt.', '2006-08-19 04:57:40'),
(3436, 555, 62, 'Consequuntur ullam dignissimos quo itaque commodi ea incidunt mollitia. Nobis nesciunt deleniti velit eos velit ea voluptas voluptas.\n\nTenetur voluptatem expedita deserunt sint et illo. Exercitationem optio cupiditate quos dolore molestiae. Aliquid officia facilis repudiandae autem aut hic aliquid qui. Aperiam deserunt autem dolorum nostrum voluptas.', '2004-12-24 05:58:34'),
(3437, 555, 63, 'Nulla similique voluptatem et est. Dolorum cum sint officia quo vel non.\n\nFugit porro ut sit ipsum soluta. Et dicta et voluptatem. Voluptatem quis optio earum consequatur eum aliquid et. Eos dolore doloribus sint dolorem ut explicabo. Nostrum numquam tempore et earum.', '2017-05-04 11:43:30'),
(3438, 555, 57, 'Eum esse illum quo est. Molestiae quia dolor quod aperiam nemo sequi deserunt incidunt. Praesentium quia aliquid eum mollitia. Consequuntur totam odio fugiat sint sint nam.\n\nVeniam et autem non est vitae odio. Dolorem cupiditate deleniti consequatur dignissimos.', '1997-02-27 23:26:34'),
(3439, 555, 61, 'Voluptatem labore optio quo. Aut tenetur animi numquam voluptatem magnam qui. Dolorem aut temporibus neque ut molestiae. Esse assumenda et perspiciatis iste sed assumenda.\n\nVoluptatem enim dicta consequatur quo voluptates eligendi. Quos qui porro alias et. Dolores magni vel aspernatur magnam odio. At est ea asperiores et dolorem.', '2000-01-23 01:48:01'),
(3440, 556, 56, 'Atque quisquam suscipit eos sit. Sapiente neque qui architecto sit aut nemo eaque eaque.\n\nEst et voluptatum incidunt corporis sit nemo eos autem. Qui blanditiis qui veniam harum nemo ut vero quia. Cupiditate est quibusdam aut fugit minima eos consequatur. Cum esse facere qui totam eaque.', '1995-12-20 07:48:56'),
(3441, 556, 64, 'Ullam odio aut sed quos facilis doloribus. Ut nam molestiae voluptatibus in. Deleniti rerum corporis natus praesentium nihil consequatur. Commodi minus aut laudantium eum ut ea.\n\nImpedit fugit assumenda et non. Modi recusandae voluptatem atque praesentium ab eos qui. Enim et magnam et ea cupiditate veritatis delectus.', '2012-03-19 14:16:59'),
(3442, 556, 62, 'Similique et quia et nobis expedita laudantium. Nostrum ut dolore aut eius. Adipisci maiores et asperiores nam qui omnis soluta. Qui maxime est quia voluptatem rerum.\n\nUt suscipit dolorem dolores quod assumenda molestias ut. Perspiciatis sit repellendus assumenda rerum at. Rerum ut non deleniti.', '1992-11-06 00:44:58'),
(3443, 556, 56, 'Fuga facilis nostrum dolores sed unde saepe. Commodi qui explicabo ipsa doloribus.\n\nQui ab at sint aut qui nesciunt. Quibusdam ipsum cumque et corrupti. Iure ipsum dolorum sed ea esse sunt.', '2010-04-02 17:34:26'),
(3444, 556, 59, 'Minus quam quas non quia. Animi quod omnis consequatur deleniti ratione quis. Tempora doloremque commodi aut facere consequatur.\n\nDolore rerum dicta quisquam fugiat perspiciatis sed. Assumenda molestiae sed vel assumenda. Qui fugit enim ea et.', '2006-12-28 23:55:39'),
(3445, 556, 64, 'Saepe hic quia et ex in nemo. Praesentium quo sequi commodi ut dolorem libero ut. Excepturi dolorem alias placeat veniam reiciendis voluptas. Saepe sint laudantium eius labore magni. Animi quisquam esse doloribus perspiciatis et suscipit at.\n\nEst molestiae placeat enim rem earum fugit. Impedit ea reiciendis et ea quidem non voluptas. Reiciendis eius impedit qui debitis quia minima odio est.', '1996-12-05 13:35:47'),
(3446, 556, 61, 'Et maxime adipisci et odit. Temporibus nihil cum quia voluptatum et quis illum. Et est ut et omnis vero non est.\n\nMinima quis quisquam sit eius. Corporis voluptates cumque eos consectetur fugit quis odit. Sed qui neque animi qui. Debitis corporis laudantium error architecto ad reprehenderit. Qui ea nihil et libero autem culpa quam nobis.', '2012-10-09 00:08:51'),
(3447, 556, 60, 'Id eligendi soluta laborum sint ratione. Eum eos vel veritatis sapiente at. Dolores officiis at corrupti tenetur enim. Perferendis cumque quisquam et cumque modi illo accusantium voluptas.\n\nEveniet voluptatem consequuntur eligendi vitae nemo repudiandae voluptas. Id dolore et molestiae iusto. Minus nihil nostrum pariatur aut et repudiandae vel deserunt.', '2013-03-10 00:42:24'),
(3448, 556, 62, 'Harum molestias perferendis commodi aliquid aut ut itaque earum. Vitae error autem qui fugiat exercitationem. Iste autem dolore eaque explicabo voluptas ut provident. Explicabo voluptate quia eius odio qui.\n\nDolor et sint ut repellat. Quo dolor nihil et autem eius suscipit. Incidunt vitae nulla consequatur.', '2021-11-12 05:32:41'),
(3449, 557, 60, 'Ut dolore iusto eos fugiat dicta ut. Voluptas repellendus porro explicabo officiis. Cupiditate doloremque temporibus explicabo saepe. Sit possimus nemo vel sequi voluptates rerum. Sed laboriosam blanditiis nobis officia voluptatibus.\n\nFugiat numquam sed sunt non. Est et cum nemo quam veniam consequatur. Quo dolor est sunt nihil id id qui. Eum ducimus vitae quo quas.', '1997-12-15 07:53:56'),
(3450, 557, 60, 'Magni non maiores commodi qui impedit dolores. Praesentium voluptatem reprehenderit voluptatem totam fuga. Dolore facilis hic labore quis molestias.\n\nAliquam aspernatur minima fugit voluptate ducimus atque voluptatibus. Porro iusto nemo laudantium sed quia expedita. Harum tempora itaque soluta et placeat a. Eius soluta et aut aut.', '2020-09-27 02:35:35'),
(3451, 557, 62, 'Et mollitia eos omnis ut et assumenda. Impedit et ducimus occaecati. Est ipsum unde ad ratione beatae cupiditate vel et. Dicta quis vero est illo.\n\nEx rerum eum facilis eos molestias. Totam reiciendis eos et aut. Amet nisi sunt quos.', '2020-03-20 12:22:44'),
(3452, 557, 57, 'Nulla mollitia dolore neque qui placeat voluptate. Dolores autem tempora quidem dicta voluptas. Nihil veniam temporibus neque dolor nihil sed et. Autem totam est eos id optio at.\n\nTenetur ab tempore qui libero quia. Accusamus doloribus vel doloremque enim animi eum. Amet aut omnis accusantium cumque id magnam. Qui facere commodi ratione aperiam.', '2010-06-20 06:10:09'),
(3453, 558, 65, 'Fuga ut vitae et ex sint aperiam. Illo ea consequuntur excepturi nihil omnis. Temporibus perferendis consequatur porro quae.\n\nUt a possimus ea mollitia. Similique est autem ut cum neque magnam. Ab earum magnam dolore eius natus sint ea. Sit quia laboriosam maiores dolor omnis officia.', '2008-11-05 08:07:19'),
(3454, 558, 57, 'Quidem qui sequi quo non. Dolore explicabo molestiae id qui. Tempore eveniet similique iste. Iure voluptatum odit eius libero natus dicta dolorem.\n\nDoloremque similique sunt nam ratione quo. Error ab beatae voluptas rerum.', '2021-07-09 10:18:57'),
(3455, 558, 62, 'Minus voluptas porro et et. Doloremque magni non ut est. Optio quidem perferendis fugit facere. Architecto nam neque aut ratione molestiae quia earum et. Consequuntur quia neque commodi qui culpa.\n\nVoluptas vel suscipit ab incidunt. Vel suscipit molestiae facere repellendus vero. Qui dolores tenetur tempora aut. Illum reprehenderit doloremque quo facere.', '2001-05-29 01:38:02'),
(3456, 559, 65, 'Ratione expedita expedita natus fuga officia nostrum doloribus et. Fuga ad earum dolore accusamus veritatis. Autem temporibus aut autem. Ex sunt quisquam nulla magni ut.\n\nVel animi vel totam minima quas placeat numquam. Rem magnam et possimus non occaecati. Praesentium molestias distinctio facilis natus quod ratione. Pariatur minima quas unde sed commodi modi.', '2012-04-04 12:28:06'),
(3457, 559, 61, 'Rerum et officia facilis et illum. Et culpa aliquid aut laboriosam eos. Aspernatur ut fugiat incidunt. Dolores fugiat pariatur nemo perferendis.\n\nIure aliquid sed velit consequuntur vel est quibusdam. Fugit vel architecto et dignissimos porro. Eius et ut pariatur. Quia sapiente voluptatum voluptatem consequatur et sit repudiandae.', '1995-07-09 11:19:36'),
(3458, 559, 63, 'Et rerum natus praesentium id aspernatur. Possimus laboriosam et nam consequatur at libero sapiente voluptas. Modi nihil dicta doloremque et qui distinctio. Sed voluptatibus quis adipisci labore. Et aut dolores minus perferendis aspernatur.\n\nPorro odio eum distinctio neque ut laboriosam. Quo saepe eaque molestiae repellendus quis esse eaque. Sed quis explicabo omnis.', '2014-03-08 12:15:32'),
(3459, 560, 64, 'Eaque et iure placeat consequatur ullam sint modi molestiae. Modi nesciunt et necessitatibus. Quia perspiciatis animi voluptas quia ullam. Dolorum iure similique in dolor est excepturi ut nihil. Et nihil consectetur alias optio atque doloribus.\n\nIllum dolor nesciunt exercitationem magni impedit aliquid. Quia dolorem consequatur alias quia sed veritatis nostrum est. In ratione labore ullam sit.', '2010-09-10 12:41:10'),
(3460, 560, 62, 'Iste quibusdam aperiam dolores laborum eum. Voluptas totam qui et non. Repellendus possimus nisi rerum.\n\nEt esse a rerum doloribus consectetur voluptas. Eum quidem recusandae aliquid provident natus nisi. Beatae incidunt inventore voluptates officiis animi.', '2010-03-09 03:13:56'),
(3461, 560, 57, 'Exercitationem sed commodi est corporis. Omnis ipsum magnam repellendus omnis et. Sint tempora nesciunt atque sunt voluptatem.\n\nConsequatur aspernatur corrupti nihil omnis dolor. Est et explicabo maiores accusantium blanditiis deserunt. Voluptatem voluptatem omnis pariatur sequi. Maiores vitae ut et ut accusamus. Vero veritatis non aut beatae ut nam numquam.', '2010-07-22 19:47:09'),
(3462, 560, 62, 'Aut cum illo voluptatibus dignissimos eius at sit. Asperiores sed officia aliquam cum omnis est. Dolor placeat blanditiis enim blanditiis.\n\nOptio nobis expedita repellendus. Expedita eum vitae et pariatur porro illum natus. Delectus deserunt et dolorum voluptatem pariatur fuga. Officiis porro tempore et quidem nulla atque repudiandae atque.', '2006-12-12 08:56:41'),
(3463, 560, 60, 'Consequuntur minus voluptatibus velit id aut deserunt sed. Praesentium sint qui nulla vel amet. Rem officiis vero vero culpa voluptatem rerum. Nulla ut molestiae dignissimos dolorum.\n\nVoluptate et dignissimos consequatur enim. Labore et adipisci officiis est alias dolores dolorem. Laborum provident pariatur velit qui quis. Sit expedita voluptatem ea et eveniet odio qui sunt.', '2007-11-25 21:45:57'),
(3464, 560, 64, 'Aut dolor consequuntur voluptatem rerum et. Et quam sed eum incidunt tenetur aut repudiandae magni. Odit blanditiis officiis ut. Sunt ipsam sed similique a cumque quam et.\n\nConsequatur distinctio laboriosam laborum suscipit odit aut. Omnis et dolorem ut blanditiis quia et. Delectus culpa nostrum est in repudiandae magni nisi. Architecto magnam libero beatae rem ut at.', '1992-08-31 19:37:37'),
(3465, 560, 62, 'Veritatis sequi vitae aperiam temporibus laborum consequatur quasi. Esse facilis ut voluptatibus odio. Facilis id asperiores pariatur et rerum id doloribus. Laborum consectetur adipisci natus nihil.\n\nDistinctio cupiditate voluptas officiis quidem assumenda velit est. Accusantium molestias dolore eius dolorem. Officia totam animi dolorem. Aperiam ut expedita sit et iure rerum nihil molestiae.', '1993-06-26 04:28:24'),
(3466, 560, 60, 'Repudiandae accusamus consectetur modi perspiciatis cupiditate. Est minima eaque sint. Explicabo at rerum cupiditate eos perferendis iste culpa libero. Quo est vel corporis maiores.\n\nPlaceat repellat numquam qui excepturi maxime. Nulla debitis dolor dolores enim doloribus. Incidunt quia dolor maxime ipsam rerum eaque aspernatur est. Praesentium non atque odit accusamus.', '2021-11-19 06:36:02'),
(3467, 561, 65, 'Nesciunt suscipit ex deleniti rerum labore. Facere et sed autem et deleniti. Dolores quaerat quo explicabo tempora deleniti. Eos adipisci nemo accusamus architecto sit.\n\nNostrum voluptatum est quia id voluptas voluptatibus itaque. Alias similique velit minima eum nostrum ipsum nisi. Corrupti pariatur consequuntur non delectus est autem perferendis.', '2016-08-11 14:43:53'),
(3468, 561, 56, 'Consequatur impedit repudiandae cumque quaerat est id omnis. Occaecati inventore temporibus tenetur ut. Blanditiis rerum enim laborum veniam.\n\nDolor doloremque omnis ex esse quod illo. Nesciunt ex natus ut reiciendis fuga et. Quisquam voluptatum nam et eaque mollitia et ab quaerat. Harum maxime nesciunt facilis possimus rerum reprehenderit tempore.', '1993-02-10 00:22:31'),
(3469, 561, 60, 'Voluptatem quia eum quia suscipit culpa et possimus velit. Est non perspiciatis ipsa laborum ipsam quis illo et. Possimus expedita qui quia rerum laborum voluptas omnis.\n\nCommodi est impedit optio dolorem. Tenetur ex ipsum tempore autem sit. Et eos et error molestias voluptates. Quo quidem et sunt laudantium.', '1999-07-21 21:28:36'),
(3470, 561, 56, 'Quis reprehenderit architecto laboriosam aut. Provident non consequatur aut eos. Ab voluptatem qui voluptates cum. Voluptatem sunt voluptas eos consequatur.\n\nRem reiciendis fugit est. Tempore vero ea libero modi aspernatur aut qui. Sit ea assumenda excepturi.', '2010-03-06 07:20:00'),
(3471, 561, 56, 'Molestiae ea tenetur esse. Nam modi mollitia eveniet dolore aut sed. Voluptas qui quos sed vitae ea assumenda. Magni optio dolore delectus et nulla placeat.\n\nMolestiae voluptatem nam tenetur facere ut. Animi dolor accusamus blanditiis quasi adipisci. Modi iusto atque et aut vitae omnis.', '1998-02-15 11:38:54'),
(3472, 561, 56, 'Nihil ut temporibus ut omnis aut. Est aut ut maxime. Voluptatibus quae ratione voluptatem qui.\n\nDoloribus fugiat nobis consequatur. Officiis asperiores qui quasi sed enim.', '2010-06-20 20:50:01'),
(3473, 561, 56, 'Quis et debitis perspiciatis voluptatem. Sunt suscipit enim in occaecati sint reiciendis. Nemo impedit necessitatibus provident id nulla est ratione. Qui sint est molestiae error.\n\nIusto debitis voluptate saepe voluptatem ducimus exercitationem. Corrupti nobis quaerat rem aperiam et iure. Nesciunt ut est explicabo quo.', '2020-08-06 10:40:35'),
(3474, 561, 63, 'Adipisci impedit voluptatem quod. Voluptas ut velit aspernatur sapiente aliquam illo nam. Voluptatem inventore cumque sed. Quos accusamus laborum modi.\n\nImpedit dolores eius architecto. Nesciunt hic possimus quibusdam corrupti numquam voluptates at. Nostrum sit qui dolor architecto repudiandae odit sit. Atque aliquam libero officiis.', '2001-01-14 07:14:20'),
(3475, 561, 62, 'Itaque perspiciatis magnam doloribus earum cumque natus assumenda. Accusamus beatae in consequatur autem non facilis. Corporis deleniti qui veniam et est.\n\nMinus ab aut laboriosam exercitationem. Omnis autem natus corrupti asperiores iste. Et dignissimos enim reiciendis dolorum fuga. Aut laboriosam aut quia accusamus sit est natus.', '2006-04-08 23:13:30'),
(3476, 561, 64, 'Neque officia accusantium sed doloremque sunt odio. Id quia sit cum. Qui qui et optio non. Animi et magnam qui vel fugiat.\n\nCulpa iure inventore eveniet maxime neque. Aperiam aspernatur magni omnis quam iusto. Cum id tempore qui vero iure cum.', '2000-08-12 19:29:30'),
(3477, 561, 58, 'Qui dolorem maxime deserunt voluptas. Harum itaque sint nihil dolorum voluptatibus repellendus. Ut in exercitationem in tempora non. Quidem minus ut velit molestiae.\n\nEsse hic inventore veniam iste quis non. Fugit quidem qui aut numquam non qui. Eos nihil non unde recusandae laudantium.', '1992-01-31 23:45:05'),
(3478, 562, 61, 'Qui ea non quisquam nostrum libero ad. Voluptatem nulla recusandae rerum repellendus dolorem voluptate incidunt. Impedit et aut perspiciatis et.\n\nDoloremque aut cupiditate sunt qui accusantium iusto quasi. Excepturi iure aliquid inventore. Molestiae nulla hic inventore sit ipsum est dolor. Et placeat ducimus soluta dolorem.', '2003-07-09 10:25:59'),
(3479, 562, 58, 'Perferendis non aliquam illum mollitia minima dolores velit. Aut iusto cum non voluptatem dolores corporis est. Provident aliquam fugiat fuga doloribus fugit assumenda consequatur aut.\n\nQuas qui voluptate quis recusandae a non. Quia praesentium magni eos eum.', '2003-07-27 18:24:31'),
(3480, 562, 58, 'Corporis dolores ut quo omnis. Occaecati perferendis est quas et dolores consequatur. Repellendus repudiandae nihil est veniam qui sapiente.\n\nVoluptatem sit rem nisi molestiae eligendi laudantium nihil. Quia sequi est quasi assumenda facilis. Similique ea consequatur dicta adipisci animi nesciunt.', '2016-02-15 14:41:49'),
(3481, 563, 59, 'Aperiam incidunt rem expedita aperiam voluptatem. Voluptatem doloribus unde ipsam qui. Perferendis illum inventore illum vero et. Explicabo libero quibusdam incidunt architecto est molestias dolorem.\n\nLibero dolorem et modi nam sit est. Rem ipsa eaque id accusamus ut quo aliquid quae. Explicabo saepe sunt voluptate minima. Velit sit ut reiciendis harum illum necessitatibus qui.', '2019-01-07 08:25:10'),
(3482, 563, 61, 'Minima quaerat vitae enim odio. Dolores autem harum illum aut iusto enim. Nihil est reprehenderit aut est ex cum officiis.\n\nVoluptatem necessitatibus eos dolores vero temporibus est iste molestiae. Excepturi beatae quaerat et quisquam ullam et dolorem. Deleniti accusamus aut ut dicta atque aliquid. Culpa laboriosam omnis vel explicabo.', '2003-09-17 11:54:25'),
(3483, 563, 61, 'Beatae cupiditate numquam ut dignissimos est consectetur sunt dolor. Nostrum sed repellendus sit sit ut voluptatibus iure. Nihil deleniti veritatis error repellat sapiente at culpa soluta. Veniam ea qui est dignissimos enim ea natus.\n\nSit maxime libero omnis excepturi quis tempora mollitia. Delectus tempora aliquam facilis ut provident ullam est fugit. Esse et est in omnis.', '2003-02-12 14:16:57'),
(3484, 563, 62, 'At voluptatibus facilis dolore tempora necessitatibus delectus. Deleniti delectus aut sed quia. Libero perspiciatis voluptatum dolores atque omnis rerum.\n\nAut velit asperiores et adipisci blanditiis aperiam qui. Incidunt perferendis cum tenetur officiis est voluptatibus. Sit iusto corporis consectetur optio voluptates architecto labore. Velit consequatur aliquid laboriosam placeat.', '1998-05-25 04:28:01'),
(3485, 563, 64, 'Quia quibusdam tempore animi autem eligendi ratione eum. Dolores minus placeat velit neque. Eos repellat dolorum ea dolorum ratione.\n\nImpedit voluptatem rerum non distinctio eius libero. Veniam aut harum ut voluptas veniam aliquam. Expedita necessitatibus facere aut aut voluptas est. Dolorem aliquid est aut ea enim consequatur.', '2007-09-07 16:59:29'),
(3486, 563, 63, 'Et temporibus laudantium optio sed optio sit quibusdam. Et nesciunt commodi quis eaque ut. Qui deserunt eius minus. Occaecati sit tempore doloribus cupiditate fuga.\n\nQui consectetur nobis voluptatem et iusto corporis ducimus laborum. Ut natus ut debitis nesciunt tempora id. Velit est voluptas aperiam minima ipsa consequatur sed ut. Sapiente eaque magni veritatis perspiciatis veniam occaecati.', '2020-03-04 12:48:02'),
(3487, 563, 56, 'Autem alias et accusantium vel. Nihil molestiae repellendus assumenda et et non labore necessitatibus. Sunt dolores facilis rerum et voluptatum cupiditate qui. Voluptas quo culpa omnis assumenda dolores enim.\n\nNam numquam a iure alias suscipit eum expedita quod. Quis aspernatur natus ut. Aut consequatur quia corporis odit id.', '2013-02-05 01:26:26'),
(3488, 563, 65, 'Quidem vero nesciunt facere voluptatem velit voluptate. Maxime non mollitia ipsum qui dolorem voluptatem dolore. Debitis molestiae laboriosam ut eum.\n\nRepellendus recusandae voluptas nulla eaque est. Et non sint distinctio voluptate architecto quis quisquam. Sit ut illo quidem voluptatem. Inventore id vero suscipit necessitatibus.', '2008-11-03 22:11:41'),
(3489, 563, 56, 'Itaque aut tempore qui sunt qui. Suscipit sed error dolor autem. Tempore natus aperiam rem occaecati quod nisi qui. Cupiditate veritatis et aspernatur.\n\nNesciunt ad veritatis nulla hic. Ut delectus ut recusandae ducimus odit modi consequatur. Dignissimos eos possimus recusandae tempora ea quia ducimus rerum. Sed voluptatibus tempore laudantium.', '2007-05-05 03:55:47'),
(3490, 563, 60, 'Et laudantium aut autem. Impedit distinctio eveniet vel velit et accusamus aut. Vitae et est voluptas commodi expedita. Sunt explicabo et iure eum.\n\nQuas nemo distinctio et repellat qui odio omnis. Consequatur sint libero tempore occaecati voluptatum repellat. Nulla et quasi ut. Officiis nesciunt et impedit alias ratione quam nobis.', '2007-01-12 22:49:35'),
(3491, 563, 56, 'Amet dolores ipsum eius dolorem aut ratione. Dolore qui iure rerum rerum modi neque. Fugiat aut porro natus rem qui repellendus.\n\nEos autem cum molestiae eligendi animi et et. Repellendus delectus impedit est corporis. Iste iusto consequatur quod corporis ad nesciunt expedita.', '2004-01-08 15:42:52'),
(3492, 564, 65, 'Tempore officia sed sapiente ipsum tempore doloremque. Quia repellat dolor ut non qui. Aut nihil assumenda adipisci dignissimos. Voluptas aut voluptatem laudantium itaque error.\n\nEligendi impedit commodi possimus vero voluptas. Sit in nihil voluptatem quibusdam porro ratione et. Tempora adipisci quas dolorum modi ea omnis. Porro corporis autem sunt est iure et. Eum exercitationem est dolore enim fuga voluptatem.', '2007-01-11 08:56:15'),
(3493, 564, 56, 'Quia quaerat rerum hic ut quaerat ullam. Ut nostrum est veritatis et sed fuga adipisci.\n\nTempora et possimus sequi. Quibusdam repudiandae asperiores adipisci laudantium esse aut. Reprehenderit ut possimus possimus earum.', '2011-06-16 10:00:15'),
(3494, 564, 60, 'Enim ea illum non. Sed commodi porro recusandae sint iusto earum provident.\n\nCumque aut rerum laborum deleniti. Nulla omnis in ipsum voluptas. Dolor explicabo et porro omnis quibusdam itaque illum.', '2010-01-02 01:38:09'),
(3495, 564, 60, 'Consequatur atque voluptatem et vitae atque. Excepturi libero vel inventore exercitationem ad. Harum accusamus ipsum dolor eos natus aut minus. Eveniet sunt pariatur tenetur impedit expedita. Voluptas et necessitatibus et quia repudiandae.\n\nSit dolorem a error nam velit eligendi. Veniam modi suscipit quia magni ducimus non. Ipsum consequatur quibusdam qui illo. Quis eum quis repellat eum dolor et quia.', '2019-06-01 02:28:58'),
(3496, 564, 65, 'Soluta facere vel nostrum modi. Expedita ipsum excepturi consectetur quia.\n\nRepudiandae quaerat animi fuga nesciunt. Omnis error ratione autem natus. Aliquid rerum ipsum nam nisi distinctio.', '1997-07-26 06:35:42'),
(3497, 564, 57, 'Laudantium velit fugiat deserunt ea. Et aliquid quo fugit sunt. Et laudantium voluptatibus rerum.\n\nAccusantium vero cum ducimus. Voluptate quas ut maxime ut sunt possimus. Ullam quod mollitia sit praesentium recusandae. Commodi doloremque quas autem provident.', '1999-03-06 01:35:01'),
(3498, 564, 64, 'Ad possimus esse sunt officia quae est eligendi. Rem et ex alias nisi eveniet quia voluptas. Iste et porro in.\n\nVoluptate voluptatem in qui voluptatem qui. Perferendis et vitae et eum. Corrupti sint aut a excepturi officia et. Fugit nam repellat ipsam quaerat provident provident.', '2012-07-26 13:13:57'),
(3499, 564, 65, 'Dolorem enim optio et iure accusantium. Id qui iusto magni repellendus et tempora. Ducimus possimus iste eligendi eligendi non.\n\nCorporis itaque omnis necessitatibus laboriosam autem et. Amet illum cupiditate corporis aliquid harum. Accusantium molestias et error.', '2011-04-22 23:42:52'),
(3500, 564, 64, 'Unde aliquid doloremque consequatur dignissimos beatae omnis. Nihil doloribus ut corrupti omnis.\n\nDolore totam fugiat est laudantium esse culpa asperiores. Et harum molestiae reprehenderit fugit explicabo. Voluptas enim quis id maxime eum dolor incidunt. Dicta vero et placeat est.', '1994-11-19 11:00:44'),
(3501, 564, 61, 'Pariatur pariatur est vitae reprehenderit ea ut soluta. Dolorem ducimus id molestiae consectetur voluptatem maxime.\n\nUt sequi perspiciatis ullam aut nemo vel velit. Amet deserunt sit illo eos natus aut repudiandae. Qui reprehenderit at perferendis praesentium. Corrupti cumque dolores neque temporibus ab veniam et.', '2020-06-10 08:47:48'),
(3502, 565, 65, 'Cumque qui vel nam quis ab est. Architecto repellendus quam et aut architecto. Qui laboriosam blanditiis et expedita autem tempore perspiciatis. Ad placeat corrupti amet aliquid consequatur rerum.\n\nMinima et laboriosam qui nihil. Ut quis distinctio sequi odio harum qui. At et enim aut fugiat consequatur. Aut magnam vel necessitatibus et consequuntur ab. Esse cumque a voluptatem inventore.', '2007-05-16 22:05:29'),
(3503, 565, 62, 'Ab possimus magni est aliquam voluptates et eligendi mollitia. Ex incidunt cum vel qui eveniet. In omnis aut eum aut praesentium suscipit qui. Voluptates inventore quos sed. Amet qui eveniet velit ad nihil.\n\nRerum provident velit repellat accusamus blanditiis non. Perspiciatis nobis quos nihil voluptatem soluta sit porro. Fugit quam et eum voluptatem necessitatibus beatae. Vitae quo veritatis quia commodi et aspernatur qui sed.', '2012-03-08 10:24:50'),
(3504, 565, 58, 'Minus ipsam blanditiis et et. Architecto earum qui modi dolorem. Quis nulla ullam omnis est nemo quas enim. Consequuntur nostrum ratione soluta provident deleniti.\n\nRepudiandae explicabo nulla laboriosam quam nesciunt quasi et consequatur. Molestiae eius est veniam recusandae et sunt possimus.', '2019-05-19 02:17:20'),
(3505, 565, 59, 'Veritatis fugit assumenda voluptatum totam et non. Quibusdam exercitationem harum rerum voluptatem. Fugit ut commodi facilis nihil qui voluptatum.\n\nPariatur quia voluptate dolor corporis quidem repellat. Et eveniet illum quis iure earum. Necessitatibus consectetur aut alias.', '2006-04-10 22:11:41'),
(3506, 565, 58, 'Officiis debitis labore quibusdam qui minus enim. Et ipsum nostrum sunt qui dolorum. Architecto omnis modi eum at saepe asperiores alias. Eos debitis similique doloribus debitis ipsam sequi.\n\nMollitia sint id ea id doloribus est quis. Quasi est consequuntur quo nihil quibusdam aut. Reiciendis aut sunt laborum officia sit veritatis. Cum ad illo qui qui illum ipsum at in. Sint maiores eum quibusdam voluptas quia ut.', '2016-01-10 19:52:41'),
(3507, 566, 63, 'Debitis nulla aliquid quod quia sunt. Ratione corrupti aut dicta natus aliquam vel vitae. Aperiam atque necessitatibus vitae dolorem.\n\nNobis minus et quia cum. Enim quasi quam est odit magni. Et ratione impedit voluptatem sapiente. Minus modi et explicabo tenetur hic rerum. Vel deleniti aut reiciendis similique non sapiente sed.', '2000-05-02 21:05:13'),
(3508, 566, 60, 'Eligendi esse cumque praesentium suscipit aut debitis quia. Eligendi nostrum quis hic eos laboriosam. Autem earum doloremque illo ea nostrum.\n\nQuaerat nostrum ipsam numquam laboriosam est. Tenetur expedita voluptatem ea. Ipsam rerum doloremque repudiandae distinctio.', '2013-07-04 22:19:04'),
(3509, 566, 61, 'In quia corporis accusantium sit minus eius sed. Facilis incidunt rem ut dolores. Quia ipsam eos fugiat eos.\n\nError vel voluptatem est ut. Est magni quia ducimus esse et. Vel eligendi numquam aut quia.', '1995-10-13 09:07:18'),
(3510, 566, 63, 'Aut dolores dolor sunt. Velit aut similique eaque magnam ut alias error. Sit excepturi corporis quis quo ipsam architecto. Eligendi impedit suscipit sed sit.\n\nVel ratione ex vero sapiente. Et tenetur sed cumque officia dicta suscipit. Veritatis asperiores nemo et ea. Quia quas esse veniam sapiente numquam possimus voluptatem.', '2009-02-20 20:06:51'),
(3511, 566, 57, 'Ipsam id et et eius nihil officiis. Numquam nam et eum natus. Reprehenderit ipsa quidem voluptate modi nihil atque. Voluptatem excepturi voluptatem ut iure inventore.\n\nRem eius in voluptatum voluptatem repellat culpa voluptate. Ipsum quis enim qui fugiat cupiditate iste quis ipsum. Unde quisquam temporibus minima.', '1998-08-26 15:42:23'),
(3512, 566, 63, 'Qui velit sunt corporis delectus. Quis eius qui non possimus architecto ut.\n\nIure cumque sunt quo aut delectus. Sed impedit voluptas omnis blanditiis dolores. Maxime velit ullam est sunt est.', '2007-01-05 15:14:31'),
(3513, 567, 64, 'Quo assumenda officia nulla natus. Eos commodi doloribus vitae repellat ut. Aut porro consequatur aperiam. Facilis quisquam et rerum repellat laboriosam amet.\n\nCommodi reiciendis quidem dolorum. Eaque praesentium voluptatem minus tempora et. Doloremque natus accusamus eaque quas.', '2009-10-02 02:03:02'),
(3514, 567, 59, 'Est debitis exercitationem laborum eaque consectetur fuga quis. Harum commodi ut cupiditate ratione. Sit qui temporibus eveniet debitis rerum expedita est. Qui quis id quia.\n\nEsse sed maiores error at alias molestiae. Qui sunt assumenda vel odit. Vel porro eius porro vitae rerum repellat.', '1994-08-04 20:54:10'),
(3515, 567, 57, 'Omnis quos in sapiente repudiandae ea ad et. Ipsam sunt exercitationem neque.\n\nEnim ad nihil dolores velit aut. Voluptates ut velit culpa omnis. Tenetur totam in cum reiciendis reprehenderit explicabo in. Dolor ipsam ipsam vel ut dicta deleniti dignissimos.', '2008-10-31 04:47:16'),
(3516, 567, 64, 'At vitae rerum eius enim ut consequatur. Ea veniam non amet accusamus a. Labore voluptas dolores aperiam sit nisi eaque.\n\nEa quis possimus sed nihil amet adipisci. Repudiandae exercitationem error temporibus. Unde aut dignissimos voluptatibus ipsam consequatur quia. Ab sapiente quos at expedita non veniam sed.', '2002-01-22 01:24:35'),
(3517, 567, 65, 'Sit reiciendis sit veniam rerum perspiciatis nostrum. Cupiditate aut rerum inventore fugiat consequatur magni et. Nihil omnis consectetur quas nostrum quasi.\n\nDolorem rerum placeat aspernatur tenetur. Quia ab culpa cupiditate rerum. Autem in harum vel necessitatibus nulla aut.', '2016-11-15 19:42:06'),
(3518, 567, 65, 'Et blanditiis quia exercitationem quisquam ea sapiente perferendis. Quam id accusantium est esse sunt. Magnam nulla nemo animi nihil. Culpa voluptas dignissimos commodi omnis nihil.\n\nPlaceat aut veritatis ut debitis consequatur provident qui. Commodi aperiam fugiat necessitatibus ducimus. Minima excepturi doloremque et omnis deleniti nemo nisi. Est repudiandae adipisci magni dignissimos vero et. Nulla qui eum eos quae.', '2015-04-09 05:04:19'),
(3519, 567, 60, 'Cupiditate consectetur delectus a. Officia eligendi error perspiciatis in ea quis. Perferendis velit id ut aut omnis recusandae. Dolores quia distinctio consequatur a alias est.\n\nSaepe est dolorem eum sed. Accusamus quibusdam id debitis. Mollitia eum ex consectetur architecto. Voluptatibus et sed reprehenderit odio aperiam.', '1998-07-08 13:06:26'),
(3520, 567, 62, 'Rerum ex asperiores non optio. Et similique incidunt neque quia excepturi. Ipsum consequatur omnis id fuga sunt numquam. Et omnis sapiente ea consectetur esse.\n\nIpsa minus nihil et nihil omnis. Sit maiores pariatur autem ut praesentium in deserunt. Eveniet eum dolorem voluptate.', '1998-01-14 01:56:43'),
(3521, 567, 62, 'Aut a consequatur aliquam iste ut ab et et. Aspernatur quam nihil quis quis. Quidem et et et et est non. Aut voluptatem quo laudantium veritatis.\n\nNulla ex et voluptatem dolorum dignissimos. Nulla et similique et sed quia aut earum. Inventore quod reprehenderit cum libero earum sed. Consequatur provident atque excepturi autem veritatis.', '2008-01-19 23:00:45'),
(3522, 567, 60, 'Doloremque et aut dolor fuga. Ut est possimus omnis accusamus quibusdam culpa id autem. Consequuntur perspiciatis voluptatum est et voluptatem mollitia. Soluta aliquam dignissimos consequatur optio id.\n\nSed occaecati nihil quasi eaque quia vitae occaecati nulla. Est laboriosam harum exercitationem assumenda. Illum eos aspernatur ut occaecati ex exercitationem cupiditate.', '2010-12-16 15:59:12'),
(3523, 568, 59, 'Soluta accusantium rem rerum neque. Autem et id magni sit minima. Totam explicabo laudantium rerum corrupti. Nulla iure voluptatem rerum id dolore. Sapiente itaque sapiente alias enim et quos minima rerum.\n\nQui perspiciatis necessitatibus corporis in et quia deserunt. Accusantium vel laboriosam esse quis consequatur necessitatibus harum. Velit ut debitis nostrum doloribus. Dolor et ratione ratione eius omnis officiis.', '2015-12-22 16:26:04'),
(3524, 568, 59, 'Debitis accusamus eligendi qui officia ut aliquam inventore. Qui quae autem nihil officia temporibus. Voluptatibus et delectus qui modi atque et earum.\n\nEarum quasi labore dolorem. Cumque distinctio deserunt deserunt ipsam. Et dicta et consequatur adipisci. Fuga aliquid quaerat officia nisi consequatur voluptas commodi.', '2019-01-26 20:43:25'),
(3525, 568, 61, 'Est error eos iure vel quia tenetur dolorum. Cum exercitationem deserunt est et ut officia. Modi aut nesciunt autem nulla.\n\nAutem corrupti vel eligendi aperiam quia aut accusamus autem. Assumenda tempore illo sit perspiciatis. Vel quia ducimus voluptatem tenetur tenetur maxime. Id voluptas magni delectus voluptatum aliquid.', '2018-09-04 12:23:58'),
(3526, 568, 64, 'Omnis ad culpa autem quisquam occaecati. Eveniet aut nesciunt eos sequi harum dolore. Et ipsum nemo vitae nihil est est voluptas. Unde sit molestiae assumenda non consequatur. Ut facere iusto beatae expedita.\n\nArchitecto quis doloribus dolores. Harum cum repellat eos sit nisi fugiat quia. Provident et nihil commodi. Autem esse numquam repudiandae quod voluptatem molestias.', '2005-03-12 11:11:08'),
(3527, 568, 56, 'Eos veritatis voluptates et ut officia odio quod dolores. Accusamus voluptas sunt debitis non ea. Tenetur nemo quo commodi dolores error ad est.\n\nEa et adipisci a et quia temporibus animi tenetur. Repellat et et id fuga. Non repudiandae natus et illum. Quaerat in a est occaecati nobis asperiores.', '2017-10-10 08:35:26'),
(3528, 568, 65, 'Vitae qui earum animi eligendi officiis. Aspernatur cupiditate cupiditate magnam quae et commodi culpa. Itaque quia omnis necessitatibus id minima aut voluptas. Molestiae non fuga voluptatem et dolorem.\n\nDeserunt accusantium nihil eveniet sunt vitae neque. Excepturi alias et iure id distinctio error. Et ut quae quia cupiditate rem cumque minus veritatis.', '2008-01-03 20:02:12'),
(3529, 568, 57, 'Quia vitae nihil dolor omnis earum id placeat. Veritatis odio labore sit nesciunt maiores non amet repellendus. Officia reprehenderit reiciendis quis occaecati.\n\nMagnam ut labore explicabo possimus excepturi. Doloremque vitae voluptatem tenetur et eligendi voluptatibus est aut. Sed eveniet quisquam neque eligendi ipsum. Omnis nam et dignissimos at voluptatem optio quo.', '2001-12-10 03:45:40'),
(3530, 568, 58, 'Animi sunt praesentium accusantium beatae commodi. Sint maxime qui quia corrupti. Et amet cum quae.\n\nVelit aspernatur suscipit ut eum modi eius. Similique atque exercitationem perferendis veritatis voluptas esse voluptatem.', '1999-07-26 21:56:32'),
(3531, 568, 56, 'Alias reprehenderit veritatis est placeat. Et dicta sunt omnis nihil quo.\n\nVoluptas et ipsa rem fugit et. Incidunt assumenda velit animi iure ratione aliquid ut. Sunt dolorem amet hic qui aut ipsum. Similique ad illum tempora cum nisi omnis iste temporibus.', '2019-06-30 20:15:48'),
(3532, 568, 63, 'Odit hic neque excepturi. A saepe ex non nihil. Adipisci voluptatem voluptatem tempore mollitia voluptatem. Ab ea possimus in iste quod voluptatem.\n\nDolor et explicabo veniam provident sed excepturi. Est qui quo voluptate nam amet eius totam. Voluptatem corporis possimus consectetur inventore qui consectetur. Et sequi excepturi esse expedita sit consequatur.', '2006-11-09 05:06:11'),
(3533, 568, 57, 'Unde nihil est amet sed facilis vitae dicta. Quasi quia sint sapiente voluptas.\n\nUllam ea quibusdam id maxime. Molestiae tenetur et doloribus sunt. Ipsa voluptatem ex et quis quia aut eos sapiente. Temporibus impedit quaerat occaecati quibusdam. Ut facilis occaecati explicabo repellat et velit.', '2016-11-01 04:52:52'),
(3534, 569, 56, 'Expedita omnis iure asperiores et sit architecto. Corporis omnis provident exercitationem nam deleniti quia perferendis. A consequuntur temporibus ut optio eaque aliquam. Dolorum libero nihil id aut eaque.\n\nDolorem alias et ut sit. Nesciunt non sint ut asperiores ipsum. Cum provident ratione iusto aut natus earum. Qui illo veniam nam consequatur non non eius culpa.', '1997-07-07 01:04:28'),
(3535, 569, 59, 'Ut quidem aut iusto quia ut est voluptates. Quas reiciendis et ipsa eos.\n\nRepudiandae quae consequatur nisi vel dolor ducimus placeat eum. Hic et enim quo ut id ratione. Magni quaerat sit fuga consequuntur amet autem.', '2019-04-25 03:52:21'),
(3536, 569, 63, 'Non quos maxime rerum adipisci. Consequatur laboriosam iusto voluptates quia qui sequi. Doloremque qui quod sit hic necessitatibus consequatur. Ea odit tenetur cupiditate velit quo reiciendis aut.\n\nSequi veniam sit reprehenderit non voluptate dicta. Dolorem quia impedit non aut sapiente et est.', '2003-09-23 01:49:30'),
(3537, 569, 60, 'Et perspiciatis nisi iure tenetur recusandae nulla. Ut architecto quis aliquam nisi fuga. Saepe sed quo architecto ad. Temporibus ex iste illum occaecati. Rerum iusto esse et impedit a.\n\nDistinctio numquam et aliquam magni. Ratione aperiam ut non. Ipsum voluptate facilis qui praesentium voluptas minima. Blanditiis aut asperiores non aperiam est. Ullam nihil est eveniet aut sint assumenda.', '2011-02-24 13:55:58'),
(3538, 569, 58, 'Minima sit corrupti doloremque nesciunt. Adipisci quibusdam nulla molestiae quod ea laudantium fugit. Libero blanditiis sit dolores nam nisi molestiae.\n\nMaiores consequatur quo laboriosam earum saepe tempore. Dolorem unde numquam nulla temporibus sit voluptate. Libero est dolores nisi aut. Dolore et laborum aut nobis et.', '2010-02-20 19:33:04'),
(3539, 569, 58, 'Velit facere atque dolorum qui error magnam porro. Autem quis neque ipsa esse sed tenetur. Voluptatem eligendi ut omnis voluptatum.\n\nEt labore suscipit quia quo id eos. Corrupti fugit nihil eum consectetur officiis.', '2019-11-24 17:25:39'),
(3540, 570, 61, 'Commodi vel molestias dolores corporis. Blanditiis esse rem numquam ut et voluptatibus consequatur.\n\nEt vel sed sequi voluptas. Sapiente rerum occaecati consequatur ullam dignissimos ea quibusdam. Unde nobis unde quam ut. Dolor accusantium quisquam architecto provident et.', '2006-08-24 10:30:28'),
(3541, 570, 64, 'Velit illo consequuntur et placeat tempora. Facere ex voluptate nulla aut provident distinctio. Iure commodi sint perferendis qui architecto culpa. Iure iure doloremque praesentium voluptatem et id.\n\nEius deserunt repellat fuga nisi laborum mollitia nulla. Eum autem eaque voluptas voluptas. Quia consequatur dolore voluptatem.', '2012-05-15 02:41:36'),
(3542, 570, 62, 'Provident amet ut aspernatur reprehenderit qui enim. Ut esse et suscipit laboriosam eligendi ea.\n\nExcepturi totam ad neque quia. Aperiam ut neque nihil eos. Non non aut aut ut aperiam.', '2019-12-14 23:03:44'),
(3543, 570, 65, 'Numquam dolorem nulla cumque quia ducimus necessitatibus. Necessitatibus quod praesentium omnis consequatur. Dolorem possimus voluptatem fugit non fuga et voluptate commodi. Ut nesciunt id corrupti magni quae aspernatur earum.\n\nQuia ipsum et qui temporibus. Eos beatae minima aut aut.', '2003-07-17 09:11:36'),
(3544, 570, 62, 'Maiores non autem et dolorum. Optio neque id vel eligendi ut. Iste voluptas ratione voluptatibus et delectus omnis placeat.\n\nIpsum molestiae et qui soluta sed optio possimus. Totam nihil voluptate molestias ad molestiae. Voluptatibus vero quia eum magnam.', '1999-06-10 13:29:04'),
(3545, 571, 60, 'Rerum earum unde est vero. Quisquam eum voluptatibus est repudiandae tempore. Beatae eius nostrum quos. Rerum quos velit sunt molestiae nisi.\n\nVoluptas in recusandae aut autem rem nobis consequatur. Asperiores modi ut adipisci est. Quo ut doloribus assumenda dolor.', '2002-12-29 21:55:30'),
(3546, 571, 56, 'Qui et non rerum occaecati rerum. Dolorem quia sequi voluptas mollitia rem illo. Ut id ipsam alias dignissimos et cumque. Magnam occaecati qui est cupiditate dolores molestiae.\n\nSit nobis iste reiciendis facilis magnam. Maiores similique maiores non explicabo.', '2001-10-30 11:32:45'),
(3547, 571, 58, 'Delectus et reprehenderit et occaecati eum dignissimos. Rerum exercitationem et laudantium natus tempora ut. Iure qui itaque incidunt doloremque. Et rerum non minima quod praesentium ducimus. Reprehenderit saepe hic ut aperiam quam ut quia.\n\nError in pariatur et eum animi. Nesciunt debitis molestiae dolores eum voluptates voluptatem. Omnis sint quaerat pariatur et officiis sequi.', '2021-07-13 01:58:15'),
(3548, 572, 61, 'Dolores accusantium adipisci quis neque beatae sapiente. Nam sequi modi repudiandae. Laboriosam aut qui eius. Qui et perferendis et rerum voluptatum atque. Sequi ut ipsam eum molestias.\n\nExercitationem optio nobis eius asperiores iusto nihil animi. Excepturi iste quam quod quod neque natus. Amet tempore officiis aspernatur corporis amet temporibus quo. Recusandae necessitatibus corporis laudantium quis aut ea.', '2014-04-24 21:40:47'),
(3549, 572, 59, 'Voluptatem magnam repellendus repellendus nisi earum dolor odit. Dicta rerum molestiae cumque vero. Sit voluptatem sint incidunt doloremque. Natus libero distinctio ratione hic natus.\n\nDicta excepturi unde maiores. Asperiores placeat quis officiis est soluta omnis et. Aperiam ipsum sit explicabo et illum nisi atque qui. Deleniti voluptas temporibus voluptatem maxime suscipit et.', '2000-01-08 07:24:21'),
(3550, 572, 64, 'Esse nulla dolorem inventore qui facilis voluptatem veniam voluptas. Excepturi natus illum autem eum sint itaque assumenda. Suscipit qui distinctio laborum et asperiores quam. Impedit ducimus est ut molestiae dolorum totam facere doloremque.\n\nIn molestiae alias fuga est sequi dolorem omnis. Voluptates repudiandae ut nobis voluptatem. Recusandae repudiandae numquam occaecati illum expedita vero. Ipsum repellendus consequatur sed sit.', '2006-07-01 18:13:15'),
(3551, 572, 61, 'Ullam officia dolor nisi impedit. In fugiat sed aut voluptatem recusandae porro quia. At esse non nihil consequatur. Nostrum dolore ducimus fugit qui. Consectetur nihil quis repellendus qui voluptas magni sit.\n\nEnim explicabo est officia odit nostrum iste et. Aspernatur velit eum minus nam consequuntur hic pariatur. Distinctio ratione aliquam fugiat culpa voluptatem totam. In autem quos laborum ut.', '2007-02-15 16:52:55'),
(3552, 572, 57, 'Sit fugiat quae dolor aut commodi. Fugit dignissimos repellendus aut ut explicabo.\n\nMagni aut corrupti praesentium. Labore maxime perferendis quis delectus. Libero est corporis laudantium hic ut dolor rerum alias. Corrupti eligendi eligendi ut distinctio.', '2006-01-18 11:25:20'),
(3553, 572, 62, 'Nisi vero unde occaecati doloremque quia. Delectus dolorum repellendus pariatur consequatur dolores reiciendis. Fuga laboriosam est enim dolorem cum.\n\nEum facere aperiam iste est beatae. Eum est quaerat similique quo ab est. Animi sed animi sit iste numquam rerum aut.', '2016-07-06 03:29:08'),
(3554, 572, 57, 'Aut eos quis velit accusamus incidunt facere. Delectus eum et aut. Quo dolor eligendi ut a nulla sunt.\n\nUnde facere vero similique voluptas perferendis rerum voluptatem. Ex possimus et qui voluptatibus. Tenetur quo vero labore aut ut nulla.', '2018-10-08 04:11:52'),
(3555, 473, 55, 'string', '2022-01-19 08:18:41');

-- --------------------------------------------------------

--
-- Structure de la table `doctrine_migration_versions`
--

CREATE TABLE `doctrine_migration_versions` (
  `version` varchar(191) COLLATE utf8_unicode_ci NOT NULL,
  `executed_at` datetime DEFAULT NULL,
  `execution_time` int(11) DEFAULT NULL
) ENGINE=InnoDB DEFAULT CHARSET=utf8 COLLATE=utf8_unicode_ci;

--
-- Déchargement des données de la table `doctrine_migration_versions`
--

INSERT INTO `doctrine_migration_versions` (`version`, `executed_at`, `execution_time`) VALUES
('DoctrineMigrations\\Version20220118185240', '2022-01-18 20:52:45', 287),
('DoctrineMigrations\\Version20220118191117', '2022-01-18 21:11:21', 1670),
('DoctrineMigrations\\Version20220118191318', '2022-01-18 21:13:24', 152);

-- --------------------------------------------------------

--
-- Structure de la table `user`
--

CREATE TABLE `user` (
  `id` int(11) NOT NULL,
  `email` varchar(180) COLLATE utf8mb4_unicode_ci NOT NULL,
  `roles` longtext COLLATE utf8mb4_unicode_ci NOT NULL COMMENT '(DC2Type:json)',
  `password` varchar(255) COLLATE utf8mb4_unicode_ci NOT NULL,
  `name` varchar(255) COLLATE utf8mb4_unicode_ci NOT NULL
) ENGINE=InnoDB DEFAULT CHARSET=utf8mb4 COLLATE=utf8mb4_unicode_ci;

--
-- Déchargement des données de la table `user`
--

INSERT INTO `user` (`id`, `email`, `roles`, `password`, `name`) VALUES
(55, 'test@test.com', '[]', '$2y$13$XpXKpiLMUs77j8pMLa/bF.4J/oNw.WMPeCd0fFvNHgrACCi4ykHW6', 'Demo'),
(56, 'fay97@davis.com', '[]', '$2y$13$Nzv5UJnTR/lLhH8aOV1lQ.w0rqm0t3Hy3rz/sdMIX08rwGIa0kFXS', 'Pascale Waelchi'),
(57, 'tstehr@beer.biz', '[]', '$2y$13$ZkZZdAdon4eZj8gDOT5lTOE1ibZQqWAgdEuIjUSfA10b8xgs2CEnu', 'Deondre Lakin'),
(58, 'xshields@kuphal.net', '[]', '$2y$13$JWT9suZ97GPKiPZvev4Gq.gdALtsbbRUw/BrxrRmNYAEJLASZeDz2', 'Kayli Green'),
(59, 'shaun.stehr@gmail.com', '[]', '$2y$13$wWrTtYiTbuG4hj83w2dZ2.6Vo8TxtmfoZDEaiBF6n9MLmmRG7emgi', 'Mrs. Laurine Kutch'),
(60, 'eliane75@hotmail.com', '[]', '$2y$13$D09jOo5PQ9bK3Vq5BmD3kOSOTcq7z73hL9vQANB07yJy8RoyIX872', 'Kailee Beier'),
(61, 'xzavier30@stroman.com', '[]', '$2y$13$XkVU7WPsgKggjYvM8iXN/OqM7bGCzr182qC8P8boDWCYr26xKB/6m', 'Mrs. Adaline Jerde DDS'),
(62, 'dsatterfield@gmail.com', '[]', '$2y$13$cA7tjuDYcFTU.0C3flI3M.FRg793jdJU6h5LU5aLXuGhT08F5N/la', 'Janelle Legros'),
(63, 'savion.quigley@bartell.info', '[]', '$2y$13$EHolrOJKZ7/KqnysnkDPFuRUllvhPMetmFuMIEpsFMKMam6aT9T.y', 'Jayne Quitzon'),
(64, 'jreynolds@hotmail.com', '[]', '$2y$13$UsOwJb4rSTdZTEjlKBHwXudytWzDZa.n/4jEigMG8sGw99610dosG', 'Ulices Rippin'),
(65, 'fhansen@yahoo.com', '[]', '$2y$13$UmUPIPT/OoBFMhAMp4Y6R.RNJZrivxS3QSQ4xj50Uvc1ov6WqkmlW', 'Jasmin Jaskolski');

--
-- Index pour les tables déchargées
--

--
-- Index pour la table `cars`
--
ALTER TABLE `cars`
  ADD PRIMARY KEY (`id`);

--
-- Index pour la table `comment`
--
ALTER TABLE `comment`
  ADD PRIMARY KEY (`id`),
  ADD KEY `IDX_9474526CC3C6F69F` (`car_id`),
  ADD KEY `IDX_9474526C67B3B43D` (`users_id`);

--
-- Index pour la table `doctrine_migration_versions`
--
ALTER TABLE `doctrine_migration_versions`
  ADD PRIMARY KEY (`version`);

--
-- Index pour la table `user`
--
ALTER TABLE `user`
  ADD PRIMARY KEY (`id`),
  ADD UNIQUE KEY `UNIQ_8D93D649E7927C74` (`email`);

--
-- AUTO_INCREMENT pour les tables déchargées
--

--
-- AUTO_INCREMENT pour la table `cars`
--
ALTER TABLE `cars`
  MODIFY `id` int(11) NOT NULL AUTO_INCREMENT, AUTO_INCREMENT=573;

--
-- AUTO_INCREMENT pour la table `comment`
--
ALTER TABLE `comment`
  MODIFY `id` int(11) NOT NULL AUTO_INCREMENT, AUTO_INCREMENT=3556;

--
-- AUTO_INCREMENT pour la table `user`
--
ALTER TABLE `user`
  MODIFY `id` int(11) NOT NULL AUTO_INCREMENT, AUTO_INCREMENT=66;

--
-- Contraintes pour les tables déchargées
--

--
-- Contraintes pour la table `comment`
--
ALTER TABLE `comment`
  ADD CONSTRAINT `FK_9474526C67B3B43D` FOREIGN KEY (`users_id`) REFERENCES `user` (`id`),
  ADD CONSTRAINT `FK_9474526CC3C6F69F` FOREIGN KEY (`car_id`) REFERENCES `cars` (`id`);
COMMIT;

/*!40101 SET CHARACTER_SET_CLIENT=@OLD_CHARACTER_SET_CLIENT */;
/*!40101 SET CHARACTER_SET_RESULTS=@OLD_CHARACTER_SET_RESULTS */;
/*!40101 SET COLLATION_CONNECTION=@OLD_COLLATION_CONNECTION */;
